gene	B_breve_689b_C	Lco_lactis_1064-C11_S	St_thermophilus_CBC-S77_S	B_breve_689b_C_rxn_assoc (sep=;)	Lco_lactis_1064-C11_S_rxn_assoc (sep=;)	St_thermophilus_CBC-S77_S_rxn_assoc (sep=;)
KFKCNJGC_01221	1			RXN-8992		
KFKCNJGC_00778	1			ABC-7-RXN;ABC-70-RXN		
KFKCNJGC_01614	1			RXN-12626;3.2.1.52-RXN;RXN-22612;RXN-12625;RXN0-5226;RXN-21432;RXN-18082;RXN-22591		
KFKCNJGC_01196	1			RXN-14900		
KFKCNJGC_00931	1			3-DEHYDROQUINATE-SYNTHASE-RXN		
KFKCNJGC_00718	1			THIAZOLSYN2-RXN		
KFKCNJGC_00952	1			PYRNUTRANSHYDROGEN-RXN;TRANS-RXN0-277		
KFKCNJGC_01559	1			RXN-1961		
KFKCNJGC_01189	1			3.2.1.96-RXN		
KFKCNJGC_00359	1			2.1.1.63-RXN;RXN-17824		
KFKCNJGC_00161	1			DNA-DIRECTED-DNA-POLYMERASE-RXN;RXN-20927;RXN0-4961		
KFKCNJGC_00956	1			BRANCHED-CHAINAMINOTRANSFERLEU-RXN;BRANCHED-CHAINAMINOTRANSFERILEU-RXN;BRANCHED-CHAINAMINOTRANSFERVAL-RXN		
KFKCNJGC_00130	1			DIACYLGLYKIN-RXN		
KFKCNJGC_00428	1			3.2.1.89-RXN		
KFKCNJGC_00467	1			RXN0-4401;NADPYROPHOSPHAT-RXN		
KFKCNJGC_00970	1			RXN-18305		
KFKCNJGC_00993	1			THIAMINASE-RXN;RXN-12613		
KFKCNJGC_00097	1			ACETOOHBUTREDUCTOISOM-RXN;ACETOLACTREDUCTOISOM-RXN		
KFKCNJGC_00190	1			3-OXOACYL-ACP-SYNTH-RXN;RXN-9632		
KFKCNJGC_00098	1			ACETOOHBUTREDUCTOISOM-RXN;ACETOLACTREDUCTOISOM-RXN		
KFKCNJGC_00926	1			ALANINE--TRNA-LIGASE-RXN		
KFKCNJGC_01787	1			RXN-8457		
KFKCNJGC_01939	1			DCTP-DEAM-RXN;RXN-14118		
KFKCNJGC_01430	1			RXN0-304		
KFKCNJGC_00567	1			RXN-8668		
KFKCNJGC_01013	1			GLUCOSE-1-PHOSPHAT-RXN		
KFKCNJGC_00137	1			ASPARTATEKIN-RXN		
KFKCNJGC_01970	1			PROTEIN-KINASE-RXN		
KFKCNJGC_01461	1			RIBOKIN-RXN		
KFKCNJGC_00801	1			2.5.1.19-RXN		
KFKCNJGC_01204	1			GTPPYPHOSKIN-RXN		
KFKCNJGC_00266	1			6.3.5.6-RXN;6.3.5.7-RXN		
KFKCNJGC_01344	1			L-FUCONATE-HYDRATASE-RXN		
KFKCNJGC_00639	1			GALACTOACETYLTRAN-RXN		
KFKCNJGC_01225	1			PRTRANS-RXN		
KFKCNJGC_00691	1			GLUTAMINESYN-RXN		
KFKCNJGC_00851	1			RXN1YI0-14;SUCCINATE-DEHYDROGENASE-UBIQUINONE-RXN;RXN-15378;RXN-21393;RXN-14971;RXN-14963;SUCCINATE-DEHYDROGENASE-UBIQUINONE6-RXN;R601-RXN		
KFKCNJGC_00932	1			3-DEHYDROQUINATE-DEHYDRATASE-RXN		
KFKCNJGC_01005	1			DIHYDROOROT-RXN		
KFKCNJGC_00684	1			ALANINE-AMINOTRANSFERASE-RXN;RXN-13698		
KFKCNJGC_00492	1			RXN0-4261;RXN-11135		
KFKCNJGC_00782	1			DEPHOSPHOCOAKIN-RXN		
KFKCNJGC_01353	1			RXN-17362		
KFKCNJGC_01524	1			3.1.13.3-RXN		
KFKCNJGC_01659	1			RIB5PISOM-RXN		
KFKCNJGC_01496	1			RXN-19758;RXN-19769;RXN-19757;3.2.1.55-RXN		
KFKCNJGC_01215	1			RXN-11109		
KFKCNJGC_01039	1			UNDECAPRENYL-DIPHOSPHATASE-RXN		
KFKCNJGC_01320	1			PGLYCDEHYDROG-RXN;RXN-22623		
KFKCNJGC_01319	1			RXN0-4261;RXN-11135		
KFKCNJGC_00086	1			RXN-19916;SEDOBISALDOL-RXN;F16ALDOLASE-RXN;RXN-8631		
KFKCNJGC_00418	1			RXN-16380;RXN-7904		
KFKCNJGC_01386	1			RXN0-4261		
KFKCNJGC_00471	1			RXNQT-4165;RXNQT-4171;RXNQT-4178;RXN-14986;RXN-13158;RXNQT-4174;RXNQT-4168		
KFKCNJGC_01061	1			RXN0-5462		
KFKCNJGC_01819	1			HOMOSERDEHYDROG-RXN		
KFKCNJGC_01823	1			ARGININE--TRNA-LIGASE-RXN		
KFKCNJGC_01310	1			RXN-11291;RXN-11348;RXN-11350;RXN-14712;RXN-22556;RXN-15521;RXN-22558;2.4.1.129-RXN;RXN-22557;RXN-16650		
KFKCNJGC_00326	1			ATPSYN-RXN		
KFKCNJGC_01523	1			RXN0-4261;RXN-11135		
KFKCNJGC_00743	1			GLUTSEMIALDEHYDROG-RXN		
KFKCNJGC_01132	1			GLUTAMIDOTRANS-RXN		
KFKCNJGC_01471	1			RIBOKIN-RXN		
KFKCNJGC_00828	1			PEPTIDYLPROLYL-ISOMERASE-RXN		
KFKCNJGC_00789	1			DNA-DIRECTED-DNA-POLYMERASE-RXN;RXN-20927		
KFKCNJGC_01840	1			POLYPHOSPHATE-KINASE-RXN		
KFKCNJGC_01195	1			RXN-14900		
KFKCNJGC_01067	1			RXN0-4261		
KFKCNJGC_01027	1			TRIOSEPISOMERIZATION-RXN		
KFKCNJGC_00426	1			RXN-12398;RXN-19765;RXN-12399;3.2.1.23-RXN;RXN-12400		
KFKCNJGC_00742	1			THRESYN-RXN		
KFKCNJGC_01927	1			THREDEHYD-RXN		
KFKCNJGC_00143	1			5.1.3.9-RXN;NANE-RXN		
KFKCNJGC_01532	1			RXN-14569		
KFKCNJGC_00905	1			PYRAZIN-RXN;NICOTINAMID-RXN		
KFKCNJGC_00732	1			NAD-KIN-RXN		
KFKCNJGC_00483	1			RXN0-2661		
KFKCNJGC_01243	1			RXN-14047		
KFKCNJGC_01789	1			BIOTINLIG-RXN		
KFKCNJGC_01303	1			RXN0-4342		
KFKCNJGC_00393	1			ACETOOHBUTSYN-RXN;ACETOLACTSYN-RXN		
KFKCNJGC_01035	1			2TRANSKETO-RXN;1TRANSKETO-RXN		
KFKCNJGC_01336	1			HISTAMINOTRANS-RXN		
KFKCNJGC_01443	1			DIHYDROXYISOVALDEHYDRAT-RXN;DIHYDROXYMETVALDEHYDRAT-RXN		
KFKCNJGC_01821	1			RXN-15083;TRANS-RXN-157;TRANS-RXN0-540;RXN-15143;TRANS-RXN-153A		
KFKCNJGC_00150	1			GLUCOSAMINE-6-P-DEAMIN-RXN		
KFKCNJGC_00589	1			PRPPAMIDOTRANS-RXN		
KFKCNJGC_00435	1			PROTEIN-TYROSINE-PHOSPHATASE-RXN		
KFKCNJGC_00705	1			ACETYLGLUTKIN-RXN		
KFKCNJGC_01504	1			RXN-16380;RXN-7904		
KFKCNJGC_01083	1			TRYPSYN-RXN		
KFKCNJGC_00329	1			PEPTIDYLPROLYL-ISOMERASE-RXN		
KFKCNJGC_01286	1			RXN0-884;ISPH2-RXN		
KFKCNJGC_01926	1			RXN-15025		
KFKCNJGC_00844	1			3.4.21.92-RXN		
KFKCNJGC_00607	1			PHENYLSERINE-ALDOLASE-RXN;THREONINE-ALDOLASE-RXN;LTAA-RXN;RXN0-6563		
KFKCNJGC_00857	1			PYRAMKIN-RXN;PNKIN-RXN;PYRIDOXKIN-RXN		
KFKCNJGC_00666	1			DIAMINOPIMEPIM-RXN		
KFKCNJGC_00944	1			RXN-11598		
KFKCNJGC_00024	1			RXN0-267;RXN-22617;1.11.1.15-RXN;RXN-22620;R4-RXN		
KFKCNJGC_00645	1			3.2.1.17-RXN;RXN-12309;3.2.1.14-RXN		
KFKCNJGC_00646	1			RXN0-4181		
KFKCNJGC_01874	1			DTDPDEHYDRHAMEPIM-RXN		
KFKCNJGC_01849	1			RXN-11592		
KFKCNJGC_01408	1			2.7.13.3-RXN		
KFKCNJGC_01259	1			PREPHENATEDEHYDRAT-RXN		
KFKCNJGC_01338	1			ACYLPHOSPHATASE-RXN		
KFKCNJGC_01798	1			RXN-13697;RXN-11737;ASPAMINOTRANS-RXN;RXN-10814;TRYPTOPHAN-AMINOTRANSFERASE-RXN;TYROSINE-AMINOTRANSFERASE-RXN		
KFKCNJGC_01157	1			2.7.13.3-RXN		
KFKCNJGC_00515	1			RXN-12398;RXN-19765;RXN-12399;3.2.1.23-RXN;RXN-12400		
KFKCNJGC_01768	1			RXN-12458;RXN-14517		
KFKCNJGC_01003	1			ASPCARBTRANS-RXN		
KFKCNJGC_01654	1			PHOSPHOGLUCMUT-RXN		
KFKCNJGC_00010	1			RXN-12398;RXN-19765;RXN-12399;3.2.1.23-RXN;RXN-12400		
KFKCNJGC_00539	1			RXN-9952		
KFKCNJGC_00139	1			ASPARTATE-SEMIALDEHYDE-DEHYDROGENASE-RXN		
KFKCNJGC_01295	1			RXN-6341;FORMYLTHFGLUSYNTH-RXN;RXN0-2921;RXN2DNV-43;FOLYLPOLYGLUTAMATESYNTH-RXN;DIHYDROFOLATESYNTH-RXN		
KFKCNJGC_01920	1			NADPH-DEHYDROGENASE-FLAVIN-RXN;RXN-12444		
KFKCNJGC_00333	1			TRIPHOSPHATASE-RXN		
KFKCNJGC_01330	1			GLUTAMINESYN-RXN		
KFKCNJGC_00461	1			2.7.10.1-RXN		
KFKCNJGC_01565	1			RXN-16325		
KFKCNJGC_00229	1			RXN-16381;URITRANS-RXN		
KFKCNJGC_00482	1			RXN-11860;RXN-11865		
KFKCNJGC_01515	1			TETHYDPICSUCC-RXN		
KFKCNJGC_00093	1			RXN-15605		
KFKCNJGC_00336	1			RXN-15127;RXN-15123		
KFKCNJGC_00965	1			GLUTAMATESYN-RXN		
KFKCNJGC_00371	1			2.7.7.8-RXN		
KFKCNJGC_01531	1			RXN-6380		
KFKCNJGC_01804	1			RXN0-6523		
KFKCNJGC_01703	1			ACETOLACTATE-DECARBOXYLASE-RXN		
KFKCNJGC_00416	1			3.1.26.4-RXN		
KFKCNJGC_01848	1			URACIL-PRIBOSYLTRANS-RXN		
KFKCNJGC_01943	1			RXN-15083;TRANS-RXN-157;TRANS-RXN0-540;RXN-15143;TRANS-RXN-153A		
KFKCNJGC_01080	1			RIBULP3EPIM-RXN;RXN-22715		
KFKCNJGC_00724	1			TYROSINE--TRNA-LIGASE-RXN		
KFKCNJGC_01359	1			GLYCINE--TRNA-LIGASE-RXN		
KFKCNJGC_00360	1			RXN-15889;ENTDB-RXN;HOLO-ACP-SYNTH-RXN;RXN-19477;RXN-16759;RXN-19493;RXN-10674;RXN-10994		
KFKCNJGC_00132	1			DNA-DIRECTED-DNA-POLYMERASE-RXN;RXN-20927;RXN0-4961		
KFKCNJGC_01454	1			RXN0-5304;RXN-15710		
KFKCNJGC_00839	1			PEPTIDYLPROLYL-ISOMERASE-RXN		
KFKCNJGC_01941	1			TRANS-RXN-194		
KFKCNJGC_00059	1			3.1.3.16-RXN		
KFKCNJGC_00295	1			RXN-22613;RXN-14267;RXN-16938;3.4.24.32-RXN;RXN0-5225		
KFKCNJGC_01811	1			L-FUCONATE-HYDRATASE-RXN		
KFKCNJGC_00475	1			NADPH-DEHYDROGENASE-RXN		
KFKCNJGC_01053	1			RXN-14270;ADENPRIBOSYLTRAN-RXN		
KFKCNJGC_01960	1			RXN0-748;CDPREDUCT-RXN;GDPREDUCT-RXN;RIBONUCLEOSIDE-DIP-REDUCTI-RXN;RXN0-747;RIBONUCLEOSIDE-DIP-REDUCTII-RXN;ADPREDUCT-RXN;RXN0-722;UDPREDUCT-RXN		
KFKCNJGC_01135	1			CDPDIGLYSYN-RXN;RXN0-5515;RXN-20524		
KFKCNJGC_00564	1			3.2.1.10-RXN		
KFKCNJGC_01001	1			RXN-17388;CHOLOYLGLYCINE-HYDROLASE-RXN		
KFKCNJGC_01082	1			TRYPSYN-RXN		
KFKCNJGC_00805	1			PRPPSYN-RXN		
KFKCNJGC_01140	1			3.5.1.88-RXN;3.5.1.27-RXN		
KFKCNJGC_01381	1			GLYCERATE-DEHYDROGENASE-RXN		
KFKCNJGC_00325	1			ATPSYN-RXN		
KFKCNJGC_01162	1			RXN-14570		
KFKCNJGC_00941	1			GLUC1PADENYLTRANS-RXN		
KFKCNJGC_00550	1			RXN0-5021		
KFKCNJGC_01621	1			THYMIDYLATESYN-RXN		
KFKCNJGC_01299	1			GLUCOSAMINE-6-P-DEAMIN-RXN		
KFKCNJGC_00267	1			SPERMACTRAN-RXN;RXN-19536;RXN0-7165;RXN-9939;DIAMACTRANS-RXN;RXN-0		
KFKCNJGC_01769	1			RXN0-6515		
KFKCNJGC_01209	1			5.99.1.3-RXN		
KFKCNJGC_00689	1			DNA-LIGASE-NAD+-RXN		
KFKCNJGC_01664	1			RXN-11839;TRNA-PSEUDOURIDINE-SYNTHASE-I-RXN		
KFKCNJGC_00497	1			3.4.11.2-RXN		
KFKCNJGC_01216	1			RIBOKIN-RXN		
KFKCNJGC_01258	1			PREPHENATEDEHYDROG-RXN		
KFKCNJGC_01858	1			GALPMUT-RXN		
KFKCNJGC_00220	1			GLU6PDEHYDROG-RXN		
KFKCNJGC_00025	1			THIOREDOXIN-REDUCT-NADPH-RXN		
KFKCNJGC_00838	1			RXN0-6483;3.1.13.5-RXN;RXN0-6484		
KFKCNJGC_01526	1			3.2.1.10-RXN		
KFKCNJGC_00825	1			RXN-8852		
KFKCNJGC_01031	1			ALANINE-AMINOTRANSFERASE-RXN;RXN-13698		
KFKCNJGC_00082	1			1.18.1.2-RXN;RXN-14991		
KFKCNJGC_01134	1			RXN-11586		
KFKCNJGC_01426	1			RXN-16707		
KFKCNJGC_01519	1			3.4.24.11-RXN		
KFKCNJGC_01509	1			EXOPOLYPHOSPHATASE-RXN		
KFKCNJGC_00338	1			GLYC3PDEHYDROGBIOSYN-RXN		
KFKCNJGC_01347	1			OLEATE-HYDRATASE-RXN		
KFKCNJGC_00882	1			RXN-20179;RXN-20178		
KFKCNJGC_01237	1			RXN0-5063		
KFKCNJGC_00706	1			ACETYLORNTRANSAM-RXN		
KFKCNJGC_01401	1			DIGLUCODIACETYL-DOCOSANOATE-LYSIS-RXN;DIGLUCOACETYL-DOCOSANOATE-HYDROLYSIS-RXN;RXN-13889;RXN-13890		
KFKCNJGC_01326	1			RXN0-5462		
KFKCNJGC_00703	1			N-ACETYLGLUTPREDUCT-RXN		
KFKCNJGC_01055	1			SUCCCOASYN-RXN		
KFKCNJGC_01238	1			GDPPYPHOSKIN-RXN;GTPPYPHOSKIN-RXN		
KFKCNJGC_01477	1			DIGLUCODIACETYL-DOCOSANOATE-LYSIS-RXN;DIGLUCOACETYL-DOCOSANOATE-HYDROLYSIS-RXN;RXN-13889;RXN-13890		
KFKCNJGC_01308	1			UDP-NACMUR-ALA-LIG-RXN		
KFKCNJGC_01269	1			QUINOLINATE-SYNTHA-RXN;QUINOLINATE-SYNTHE-MULTI-RXN		
KFKCNJGC_01007	1			OROTATE-REDUCTASE-NADH-RXN		
KFKCNJGC_00693	1			RXN-8629;RXN-7716;RXN-7719;1.8.1.4-RXN;RXN0-1132		
KFKCNJGC_00192	1			RXN-15889;ENTDB-RXN;HOLO-ACP-SYNTH-RXN;RXN-19477;RXN-16759;RXN-19493;RXN-10674;RXN-10994		
KFKCNJGC_00720	1			RXN0-6359;RXN-19040;THIOSULFATE-SULFURTRANSFERASE-RXN		
KFKCNJGC_00704	1			N-ACETYLTRANSFER-RXN;GLUTAMATE-N-ACETYLTRANSFERASE-RXN		
KFKCNJGC_01947	1			GLUCOSE-6-PHOSPHATE-1-EPIMERASE-RXN		
KFKCNJGC_01902	1			RXN-11637		
KFKCNJGC_01343	1			1.1.1.53-RXN		
KFKCNJGC_01457	1			ABC-42-RXN		
KFKCNJGC_01046	1			THREONINE--TRNA-LIGASE-RXN		
KFKCNJGC_01332	1			PRIBFAICARPISOM-RXN		
KFKCNJGC_00755	1			PPPGPPHYDRO-RXN		
KFKCNJGC_01521	1			PROLINE--TRNA-LIGASE-RXN		
KFKCNJGC_00996	1			RXN-12466		
KFKCNJGC_01141	1			RXN-16380;RXN-7904		
KFKCNJGC_00231	1			RXN0-4261;RXN-11135		
KFKCNJGC_00048	1			RXN-9025;GLYCOPHOSPHORYL-RXN		
KFKCNJGC_01085	1			3.1.21.2-RXN		
KFKCNJGC_01544	1			3.5.1.88-RXN;3.5.1.27-RXN		
KFKCNJGC_01478	1			RXN-11192		
KFKCNJGC_01170	1			RXN-8852		
KFKCNJGC_01439	1			RXN0-5114;PSERPHOSPHA-RXN		
KFKCNJGC_01567	1			FATTY-ACID-O-METHYLTRANSFERASE-RXN		
KFKCNJGC_01447	1			3.1.21.3-RXN		
KFKCNJGC_01631	1			RXN-15513		
KFKCNJGC_01361	1			PYRIMSYN1-RXN		
KFKCNJGC_01864	1			XYLULOKIN-RXN		
KFKCNJGC_01444	1			DNA-DIRECTED-RNA-POLYMERASE-RXN		
KFKCNJGC_00080	1			3.4.21.107-RXN		
KFKCNJGC_01026	1			PHOSGLYPHOS-RXN		
KFKCNJGC_01632	1			RXN-11047;RXN-9365;RXN-9360;RXN-9217;RXN-9358;DMK-RXN;RXN-9190;RXN-9359;RXN-19668;RXN-9204		
KFKCNJGC_01954	1			TRANS-RXN-156		
KFKCNJGC_00510	1			L-GLN-FRUCT-6-P-AMINOTRANS-RXN		
KFKCNJGC_00511	1			RXN-11842;TRNA-PSEUDOURIDINE-SYNTHASE-I-RXN		
KFKCNJGC_00797	1			3.2.2.21-RXN;RXN0-5189		
KFKCNJGC_01765	1			2.7.7.40-RXN;RIBITOL-5-PHOSPHATE-2-DEHYDROGENASE-RXN		
KFKCNJGC_01980	1			THIOREDOXIN-REDUCT-NADPH-RXN		
KFKCNJGC_01079	1			HISTPRATPHYD-RXN		
KFKCNJGC_00339	1			DALADALALIG-RXN		
KFKCNJGC_00324	1			ATPSYN-RXN		
KFKCNJGC_01822	1			DIAMINOPIMDECARB-RXN		
KFKCNJGC_01933	1			ALPHAGALACTOSID-RXN;3.2.1.47-RXN;RXN-17754;RXN-12088;RXN-11502;RXN-11501;RXN-17830		
KFKCNJGC_01833	1			OROTATE-REDUCTASE-NADH-RXN		
KFKCNJGC_00991	1			RXN-19911;RXN0-7013		
KFKCNJGC_01275	1			GLY3KIN-RXN		
KFKCNJGC_01397	1			6.1.1.23-RXN;RXN490-3616;ASPARTATE--TRNA-LIGASE-RXN		
KFKCNJGC_01104	1			RXN0-5509		
KFKCNJGC_01249	1			3.1.11.2-RXN		
KFKCNJGC_00156	1			2-ISOPROPYLMALATESYN-RXN		
KFKCNJGC_01034	1			TRANSALDOL-RXN		
KFKCNJGC_00389	1			GMP-SYN-GLUT-RXN		
KFKCNJGC_01029	1			RXN-7572;L-LACTATE-DEHYDROGENASE-RXN		
KFKCNJGC_00843	1			3.4.21.92-RXN		
KFKCNJGC_01629	1			2.7.13.3-RXN		
KFKCNJGC_01528	1			2.1.1.72-RXN		
KFKCNJGC_00466	1			RXN-11543		
KFKCNJGC_00746	1			RXN-12626;3.2.1.52-RXN;RXN-22612;RXN-12625;RXN0-5226;RXN-21432;RXN-18082;RXN-22591		
KFKCNJGC_01313	1			RXN-22608;UDP-NACMURALGLDAPAALIG-RXN;6.3.2.10-RXN		
KFKCNJGC_01089	1			5.1.1.17-RXN		
KFKCNJGC_00624	1			ALCOHOL-DEHYDROG-RXN		
KFKCNJGC_00260	1			RXN-11860;RXN-11865		
KFKCNJGC_01414	1			RXN0-2584		
KFKCNJGC_01130	1			ANTHRANSYN-RXN		
KFKCNJGC_01285	1			RXN-21077;RXN-21072		
KFKCNJGC_01441	1			INORGPYROPHOSPHAT-RXN		
KFKCNJGC_00079	1			RXN0-1321;QUEUOSINE-TRNA-RIBOSYLTRANSFERASE-RXN		
KFKCNJGC_00479	1			GALACTOKIN-RXN		
KFKCNJGC_00138	1			ASPARTATEKIN-RXN		
KFKCNJGC_01772	1			RXN-15297		
KFKCNJGC_01465	1			DEOXYGLUCONOKIN-RXN		
KFKCNJGC_00950	1			RXN-16380;RXN-7904		
KFKCNJGC_01466	1			PRAISOM-RXN		
KFKCNJGC_01555	1			H2PTEROATESYNTH-RXN		
KFKCNJGC_00113	1			RXN-1824;RXN-12302		
KFKCNJGC_01558	1			HYPOXANPRIBOSYLTRAN-RXN;GUANPRIBOSYLTRAN-RXN		
KFKCNJGC_01081	1			RXN0-20		
KFKCNJGC_00938	1			RXN-21560;RXN-14385;RXN-22700;RXN-15881;RXN-9787;RXN-20037;RXN-22698;RXN-12588;RXN-21566		
KFKCNJGC_00758	1			THREDEHYD-RXN;4.3.1.17-RXN		
KFKCNJGC_01267	1			QUINOPRIBOTRANS-RXN		
KFKCNJGC_00951	1			PYRNUTRANSHYDROGEN-RXN;TRANS-RXN0-277		
KFKCNJGC_01462	1			LONG-CHAIN-ALCOHOL-DEHYDROGENASE-RXN		
KFKCNJGC_01556	1			GTP-CYCLOHYDRO-I-RXN		
KFKCNJGC_01499	1			RNTRACTIV-RXN		
KFKCNJGC_01644	1			RXN-9297;RXN-18662;2.7.1.157-RXN		
KFKCNJGC_00677	1			DXPREDISOM-RXN		
KFKCNJGC_01482	1			RXN-2043		
KFKCNJGC_00912	1			RXN0-4261;RXN-11135		
KFKCNJGC_01050	1			RXN0-4261;RXN-11135		
KFKCNJGC_00349	1			RXN-20179;RXN-20178		
KFKCNJGC_00822	1			PHOSPHOKETOLASE-RXN;FRUCTOSE-6-PHOSPHATE-PHOSPHOKETOLASE-RXN		
KFKCNJGC_01288	1			ALDOSE-1-EPIMERASE-RXN;ALDOSE1EPIM-RXN		
KFKCNJGC_01918	1			ACID-PHOSPHATASE-RXN;RXN-14473		
KFKCNJGC_00999	1			HOMOCYSMET-RXN;RXN-12730		
KFKCNJGC_00013	1			GLUTDEHYD-RXN		
KFKCNJGC_00200	1			DNA-CYTOSINE-5--METHYLTRANSFERASE-RXN		
KFKCNJGC_00776	1			RXN0-302		
KFKCNJGC_00821	1			GMP-SYN-GLUT-RXN		
KFKCNJGC_00637	1			4.2.99.18-RXN		
KFKCNJGC_01311	1			UDP-NACMURALA-GLU-LIG-RXN		
KFKCNJGC_00949	1			RXN0-5462		
KFKCNJGC_00762	1			2.7.13.3-RXN		
KFKCNJGC_00833	1			NAD-SYNTH-GLN-RXN		
KFKCNJGC_01712	1			L-IDITOL-2-DEHYDROGENASE-RXN;RXN-7644		
KFKCNJGC_01203	1			PEPTIDYLPROLYL-ISOMERASE-RXN		
KFKCNJGC_00863	1			3.4.11.5-RXN		
KFKCNJGC_01160	1			RXN-14570		
KFKCNJGC_01855	1			UREIDOGLYCOLATE-LYASE-RXN		
KFKCNJGC_00835	1			KETOBUTFORMLY-RXN;PYRUVFORMLY-RXN		
KFKCNJGC_00319	1			HOMSUCTRAN-RXN		
KFKCNJGC_01501	1			3.1.11.6-RXN		
KFKCNJGC_00476	1			RXN0-6554;DIHYDROOROTATE-DEHYDROGENASE-RXN;RXN0-6491		
KFKCNJGC_00728	1			RXN-12462;RXN-12463		
KFKCNJGC_00063	1			RXN-21069;RXN-16225;RXN-19312;RXN-15035;LYSOPHOSPHOLIPASE-RXN;RXN-19311		
KFKCNJGC_01494	1			RXN-15289;RXN-15291;BETA-GLUCURONID-RXN		
KFKCNJGC_00709	1			ARGSUCCINSYN-RXN;RXN-10		
KFKCNJGC_00527	1			RIBOSYLHOMOCYSTEINASE-RXN		
KFKCNJGC_00087	1			ADENYLOSUCCINATE-SYNTHASE-RXN		
KFKCNJGC_01047	1			ATP-ADENYLYLTRANSFERASE-RXN		
KFKCNJGC_00264	1			6.3.5.6-RXN;6.3.5.7-RXN		
KFKCNJGC_00042	1			TRYPTOPHAN--TRNA-LIGASE-RXN		
KFKCNJGC_00401	1			RXN0-5410		
KFKCNJGC_00847	1			RXN-19558;RXN-19552;RXN-19554;RXN-18212;RXN-19556;RXN-19547;RXN-19550;CYSTATHIONINE-BETA-LYASE-RXN;RXN-12729;RXN-19583;RXN-19562;RXN-6763;RXN-19560;S-ALKYLCYSTEINE-LYASE-RXN;RXN-19544		
KFKCNJGC_00945	1			RXN0-4121		
KFKCNJGC_01818	1			HOMOSERKIN-RXN		
KFKCNJGC_01752	1			ABC-27-RXN;RXN-22326		
KFKCNJGC_01498	1			RXN-19892		
KFKCNJGC_00075	1			RXN-11396		
KFKCNJGC_00322	1			ATPSYN-RXN		
KFKCNJGC_00486	1			DNA-DIRECTED-RNA-POLYMERASE-RXN		
KFKCNJGC_01958	1			RXN0-748;CDPREDUCT-RXN;GDPREDUCT-RXN;RIBONUCLEOSIDE-DIP-REDUCTI-RXN;RXN0-747;RIBONUCLEOSIDE-DIP-REDUCTII-RXN;ADPREDUCT-RXN;RXN0-722;UDPREDUCT-RXN		
KFKCNJGC_00785	1			RXN-14192;RXN-14117;RXN-14207;PEPDEPHOS-RXN		
KFKCNJGC_01658	1			3.1.26.4-RXN		
KFKCNJGC_01008	1			OROTATE-REDUCTASE-NADH-RXN		
KFKCNJGC_01731	1			RXN-7737		
KFKCNJGC_01051	1			RXN0-4261;RXN-11135		
KFKCNJGC_01784	1			RXN-12303;RXN-19671;RXN0-7386;RXN1YI0-16;RXN0-3381;NQOR-RXN		
KFKCNJGC_01826	1			UDPNACETYLGLUCOSAMENOLPYRTRANS-RXN		
KFKCNJGC_00472	1			RXN0-947;RXN-13037		
KFKCNJGC_00640	1			GALACTOACETYLTRAN-RXN		
KFKCNJGC_01327	1			RXN-11635		
KFKCNJGC_00661	1			RXN-11063;RXN-11064;METHIONINE-GAMMA-LYASE-RXN		
KFKCNJGC_00525	1			RXN-9384;O-SUCCHOMOSERLYASE-RXN;RXN-18602;CYSPH-RXN		
KFKCNJGC_00233	1			R345-RXN		
KFKCNJGC_01078	1			ATPPHOSPHORIBOSYLTRANS-RXN		
KFKCNJGC_00485	1			DNA-DIRECTED-RNA-POLYMERASE-RXN		
KFKCNJGC_00700	1			PHENYLALANINE--TRNA-LIGASE-RXN		
KFKCNJGC_01759	1			METHYLTHIOADENOSINE-NUCLEOSIDASE-RXN;RXN0-6550;ADENOSYLHOMOCYSTEINE-NUCLEOSIDASE-RXN		
KFKCNJGC_01969	1			PROTEIN-KINASE-RXN		
KFKCNJGC_00165	1			2.7.3.9-RXN		
KFKCNJGC_00170	1			FORMATETHFLIG-RXN		
KFKCNJGC_01222	1			PROTEIN-KINASE-RXN		
KFKCNJGC_01445	1			S-ADENMETSYN-RXN		
KFKCNJGC_00966	1			GLUTAMATESYN-RXN		
KFKCNJGC_01530	1			IMP-DEHYDROG-RXN		
KFKCNJGC_00415	1			3.4.21.89-RXN		
KFKCNJGC_00498	1			5.4.2.10-RXN		
KFKCNJGC_01452	1			ISOLEUCINE--TRNA-LIGASE-RXN		
KFKCNJGC_00074	1			ATPASE-RXN;RXN0-4261;RXN-11135		
KFKCNJGC_01732	1			RXN-8941		
KFKCNJGC_01516	1			RXN-21228;CITSYN-RXN		
KFKCNJGC_00652	1			CARBPSYN-RXN		
KFKCNJGC_01077	1			PHOSPHAGLYPSYN-RXN		
KFKCNJGC_01177	1			RXN-15296		
KFKCNJGC_01309	1			RXN-8976;RXN-11346;NACGLCTRANS-RXN;RXN-11029;RXN-22611;RXN-22615		
KFKCNJGC_01627	1			PSERTRANSAM-RXN;PSERTRANSAMPYR-RXN		
KFKCNJGC_01761	1			DAHPSYN-RXN		
KFKCNJGC_00749	1			RXN-12460;AMINOCYL-TRNA-HYDROLASE-RXN;RXN-16637		
KFKCNJGC_00152	1			3.2.1.18-RXN;RXN-22452;RXN1P3V-74		
KFKCNJGC_00101	1			3.2.1.10-RXN		
KFKCNJGC_00889	1			RXN-15513		
KFKCNJGC_00653	1			OROTPDECARB-RXN		
KFKCNJGC_00960	1			RXN0-5462		
KFKCNJGC_01645	1			2.4.1.211-RXN		
KFKCNJGC_01620	1			RXN-18357;DIHYDROFOLATEREDUCT-RXN;RXN-22709;RXN-19329		
KFKCNJGC_01948	1			GALACTURIDYLYLTRANS-RXN		
KFKCNJGC_01137	1			RXN-12002		
KFKCNJGC_01608	1			RXN-12398;RXN-19765;RXN-12399;3.2.1.23-RXN;RXN-12400		
KFKCNJGC_00281	1			VALINE--TRNA-LIGASE-RXN		
KFKCNJGC_01871	1			3.6.3.40-RXN;TRANS-RXN-314;TRANS-RXN-321;RXN-18029;RXN-18028		
KFKCNJGC_00232	1			UDP-NACMURALA-GLU-LIG-RXN		
KFKCNJGC_00651	1			CARBPSYN-RXN		
KFKCNJGC_00864	1			RXN66-546;PYRROLINECARBREDUCT-RXN		
KFKCNJGC_00144	1			3.5.1.29-RXN		
KFKCNJGC_00928	1			RXN-17393;RXN-17392;RXN0-5190;RXN-17391		
KFKCNJGC_01563	1			RXN-16648		
KFKCNJGC_00041	1			RXN-21418;3.5.1.91-RXN		
KFKCNJGC_01002	1			GSADENYLATION-RXN		
KFKCNJGC_01205	1			DUTP-PYROP-RXN		
KFKCNJGC_01453	1			RIBOKIN-RXN		
KFKCNJGC_01161	1			RXN-17860;RXN-17861;RXN-17859;RXN-17862;RXN-17863;RXN-17864		
KFKCNJGC_01800	1			GLUTKIN-RXN		
KFKCNJGC_00933	1			CTPSYN-RXN		
KFKCNJGC_00361	1			AMYLOSUCRASE-RXN		
KFKCNJGC_01836	1			RXN-13163		
KFKCNJGC_00842	1			3.4.21.92-RXN		
KFKCNJGC_01801	1			RXN0-5462		
KFKCNJGC_00351	1			CHOLINE-SULFATASE-RXN		
KFKCNJGC_00726	1			RXN-14964;RXN-14965;GLYCEROL-1-PHOSPHATASE-RXN		
KFKCNJGC_00320	1			ATPSYN-RXN		
KFKCNJGC_01436	1			GLUCOSE-1-PHOSPHAT-RXN		
KFKCNJGC_00050	1			3.4.21.105-RXN		
KFKCNJGC_00159	1			5.99.1.2-RXN		
KFKCNJGC_00247	1			ABC-7-RXN;ABC-70-RXN		
KFKCNJGC_00478	1			GALACTURIDYLYLTRANS-RXN		
KFKCNJGC_01619	1			PROTEIN-TYROSINE-PHOSPHATASE-RXN		
KFKCNJGC_00573	1			RXN0-743		
KFKCNJGC_01463	1			5-NUCLEOTID-RXN;RXN-14025;RXN-14227;RXN-7607;RXN-5841;XMPXAN-RXN;RXN-14026;RXN-7609;AMP-DEPHOSPHORYLATION-RXN		
KFKCNJGC_00174	1			RXN-15513		
KFKCNJGC_01900	1			METHIONINE--TRNA-LIGASE-RXN;RXN-16165		
KFKCNJGC_01246	1			RXN-11601		
KFKCNJGC_01428	1			HISTIDPHOS-RXN		
KFKCNJGC_01423	1			RXN-22497;AICARSYN-RXN;AMPSYN-RXN		
KFKCNJGC_01742	1			5-FORMYL-THF-CYCLO-LIGASE-RXN		
KFKCNJGC_01284	1			GAPOXNPHOSPHN-RXN		
KFKCNJGC_01373	1			2.7.1.63-RXN		
KFKCNJGC_00062	1			3.4.14.5-RXN		
KFKCNJGC_00343	1			ABC-7-RXN;ABC-70-RXN		
KFKCNJGC_01018	1			RXN-21036		
KFKCNJGC_01548	1			HEXOKINASE-RXN;GLUCOKIN-RXN		
KFKCNJGC_01084	1			RXN-21016		
KFKCNJGC_01297	1			RXN0-5510		
KFKCNJGC_00553	1			RXN-11322		
KFKCNJGC_01934	1			RXN0-1081;RXN-13997		
KFKCNJGC_00468	1			GCVMULTI-RXN		
KFKCNJGC_01325	1			RXN-7572;L-LACTATE-DEHYDROGENASE-RXN		
KFKCNJGC_00283	1			4.2.99.18-RXN		
KFKCNJGC_01675	1			DNA-DIRECTED-RNA-POLYMERASE-RXN		
KFKCNJGC_01651	1			DIACYLGLYKIN-RXN		
KFKCNJGC_00023	1			RXN0-5224		
KFKCNJGC_00701	1			PHENYLALANINE--TRNA-LIGASE-RXN		
KFKCNJGC_01510	1			RXN-13697;RXN-11737;ASPAMINOTRANS-RXN;RXN-10814;TRYPTOPHAN-AMINOTRANSFERASE-RXN;TYROSINE-AMINOTRANSFERASE-RXN		
KFKCNJGC_01827	1			RXN-21415;NADH-DEHYDROG-A-RXN		
KFKCNJGC_01305	1			RXN-19729;RXN-19727;RXN-19726;RXN-19728;RXN-15041		
KFKCNJGC_01976	1			TRNA-CYTIDYLYLTRANSFERASE-RXN		
KFKCNJGC_01291	1			6.3.2.7-RXN		
KFKCNJGC_00673	1			3.4.21.53-RXN		
KFKCNJGC_00803	1			PHOSACETYLTRANS-RXN		
KFKCNJGC_00030	1			RXN-14560		
KFKCNJGC_00540	1			GLUCONOKIN-RXN		
KFKCNJGC_01680	1			ADENYL-KIN-RXN		
KFKCNJGC_00055	1			PROTEIN-KINASE-RXN		
KFKCNJGC_01805	1			SUCCDIAMINOPIMDESUCC-RXN		
KFKCNJGC_00081	1			RXN-14455		
KFKCNJGC_00892	1			CYCLOMALTODEXTRINASE-RXN		
KFKCNJGC_00548	1			ALARACECAT-RXN		
KFKCNJGC_01298	1			NAG6PDEACET-RXN;3.5.1.80-RXN		
KFKCNJGC_00877	1			HEXOKINASE-RXN;GLUCOKIN-RXN		
KFKCNJGC_00256	1			RXN-14455		
KFKCNJGC_01764	1			PYROGLUTAMYL-PEPTIDASE-I-RXN		
KFKCNJGC_01362	1			RXN-21299		
KFKCNJGC_00681	1			RXN-9106;RXN-11023		
KFKCNJGC_01296	1			3.4.11.1-RXN;3.4.11.9-RXN		
KFKCNJGC_01879	1			RXN-16660;RXN-16665;RXN0-5401		
KFKCNJGC_00554	1			RXN-11322		
KFKCNJGC_01862	1			ABC-42-RXN		
KFKCNJGC_00671	1			RXN0-4261;RXN-11135		
KFKCNJGC_00790	1			GTP-CYCLOHYDRO-I-RXN		
KFKCNJGC_01560	1			RXN-16649;RXN-16659		
KFKCNJGC_01063	1			RIBOPHOSPHAT-RXN		
KFKCNJGC_00930	1			CHORISMATE-SYNTHASE-RXN		
KFKCNJGC_00862	1			2.7.13.3-RXN		
KFKCNJGC_00321	1			ATPSYN-RXN		
KFKCNJGC_00654	1			RXN-22498;GUANYL-KIN-RXN		
KFKCNJGC_01851	1			RXN0-5422		
KFKCNJGC_01757	1			2.7.13.3-RXN		
KFKCNJGC_00176	1			6PGLUCONOLACT-RXN		
KFKCNJGC_00748	1			RXN-10837;RXN-9382		
KFKCNJGC_00410	1			PGLUCISOM-RXN		
KFKCNJGC_00588	1			AIRS-RXN		
KFKCNJGC_01022	1			SHIKIMATE-5-DEHYDROGENASE-RXN		
KFKCNJGC_00106	1			AMYLOMALT-RXN;RXN-1828;RXN-12193;RXN-19947;RXN-14261;RXN-9023;RXN-12391;RXN-14354;RXN-14260		
KFKCNJGC_01986	1			3.1.26.5-RXN;RXN0-6480		
KFKCNJGC_00874	1			RXN-9025;GLYCOPHOSPHORYL-RXN		
KFKCNJGC_01873	1			DTDPGLUCOSEPP-RXN		
KFKCNJGC_01009	1			OROPRIBTRANS-RXN		
KFKCNJGC_01268	1			L-ASPARTATE-OXID-RXN;RXN-9772		
KFKCNJGC_00265	1			6.3.5.6-RXN;6.3.5.7-RXN		
KFKCNJGC_00678	1			RXN-15878		
KFKCNJGC_01350	1			DNA-DIRECTED-DNA-POLYMERASE-RXN;RXN-20927		
KFKCNJGC_01785	1			2.3.1.180-RXN		
KFKCNJGC_00572	1			RXN-11726		
KFKCNJGC_00836	1			TDCEACT-RXN		
KFKCNJGC_01500	1			1.17.4.2-RXN;RXN-21262;RIBONUCLEOSIDE-TRIP-REDUCT-RXN;RXN0-746;RXN-21265;RXN0-723;RXN0-724;RXN-21263;RXN-21264;RXN0-745		
KFKCNJGC_00526	1			RXN0-4261;RXN-11135		
KFKCNJGC_01538	1			RXN-14992		
KFKCNJGC_00605	1			RXN-7737		
KFKCNJGC_01301	1			HEXOKINASE-RXN;GLUCOKIN-RXN		
KFKCNJGC_01557	1			RXN-21299		
KFKCNJGC_00399	1			PANTEPADENYLYLTRAN-RXN		
KFKCNJGC_01810	1			RXN-19806		
KFKCNJGC_00602	1			FGAMSYN-RXN		
KFKCNJGC_00189	1			RXN-20498;MALONYL-COA-ACP-TRANSACYL-RXN;RXN-20490;RXN-20481;RXN185E-16;RXN-20482		
KFKCNJGC_00745	1			NICONUCADENYLYLTRAN-RXN		
KFKCNJGC_00911	1			HYPOXANPRIBOSYLTRAN-RXN;XANPRIBOSYLTRAN-RXN;GUANPRIBOSYLTRAN-RXN		
KFKCNJGC_00120	1			3-OXOACYL-ACP-REDUCT-RXN;RXN-9633		
KFKCNJGC_01579	1			RXN-18434		
KFKCNJGC_01004	1			ASPCARBTRANS-RXN		
KFKCNJGC_01760	1			DAHPSYN-RXN		
KFKCNJGC_00695	1			SUCCDIAMINOPIMDESUCC-RXN		
KFKCNJGC_00771	1			OROPRIBTRANS-RXN		
KFKCNJGC_01037	1			DISULFOXRED-RXN		
KFKCNJGC_01049	1			3.1.22.4-RXN		
KFKCNJGC_00142	1			N-ACETYLGLUCOSAMINE-KINASE-RXN		
KFKCNJGC_01223	1			RXN-1623		
KFKCNJGC_00179	1			GLURS-RXN		
KFKCNJGC_01398	1			HISTIDINE--TRNA-LIGASE-RXN		
KFKCNJGC_00897	1			TRANS-RXN-194		
KFKCNJGC_01870	1			RXN-16325		
KFKCNJGC_00287	1			INORGPYROPHOSPHAT-RXN		
KFKCNJGC_00440	1			GALACTOACETYLTRAN-RXN		
KFKCNJGC_01983	1			RXN-11578		
KFKCNJGC_00217	1			RXN-9952		
KFKCNJGC_00774	1			RXN-14371;RXN-14372;RXN-7710;GLYCOGEN-BRANCH-RXN;RXN-7669;RXN-18777		
KFKCNJGC_01218	1			5.99.1.3-RXN		
KFKCNJGC_01770	1			RXN0-4261;RXN-11135		
KFKCNJGC_01643	1			UDPGLUCEPIM-RXN		
KFKCNJGC_00923	1			RXN-15513		
KFKCNJGC_01236	1			RXN0-6274		
KFKCNJGC_01719	1			GLYCERATE-DEHYDROGENASE-RXN		
KFKCNJGC_00786	1			RXN0-1441		
KFKCNJGC_01131	1			HISTCYCLOHYD-RXN		
KFKCNJGC_01886	1			RXN-14429		
KFKCNJGC_01497	1			GLUTCYSLIG-RXN;RXN-20406;RXN-20400		
KFKCNJGC_01552	1			THIOESTER-RXN		
KFKCNJGC_01734	1			UDPNACETYLMURAMATEDEHYDROG-RXN		
KFKCNJGC_01372	1			RXN-22587;RXN-9985;3.2.1.48-RXN;3.2.1.26-RXN		
KFKCNJGC_00218	1			6PGLUCONOLACT-RXN		
KFKCNJGC_01875	1			DTDPGLUCDEHYDRAT-RXN		
KFKCNJGC_00002	1			DNA-DIRECTED-DNA-POLYMERASE-RXN;RXN-20927		
KFKCNJGC_01545	1			1.1.1.274-RXN		
KFKCNJGC_01716	1			AMYLOMALT-RXN;RXN-1828;RXN-12193;RXN-19947;RXN-14261;RXN-9023;RXN-12391;RXN-14354;RXN-14260		
KFKCNJGC_00394	1			ACETOOHBUTSYN-RXN;ACETOLACTSYN-RXN		
KFKCNJGC_01707	1			D-XYLULOSE-REDUCTASE-RXN		
KFKCNJGC_00716	1			RXN-22;ARGSUCCINLYA-RXN		
KFKCNJGC_00590	1			DNA-DIRECTED-DNA-POLYMERASE-RXN;RXN-20927;RXN0-4961		
KFKCNJGC_00405	1			RXN0-6482;TRNA-NUCLEOTIDYLTRANSFERASE-RXN;RXN0-6481		
KFKCNJGC_01928	1			3.2.1.10-RXN		
KFKCNJGC_00979	1			1.11.1.15-RXN;RXN-22617;RXN0-267;RXN-22620		
KFKCNJGC_00665	1			GLUTRACE-RXN		
KFKCNJGC_00907	1			RXN0-1134;RXN0-1133;DIHYDLIPACETRANS-RXN;RXN-9718		
KFKCNJGC_01016	1			RXN-19806		
KFKCNJGC_01898	1			RXN-21220;3.4.22.40-RXN;RXN-21219		
KFKCNJGC_00759	1			PEPTIDYLPROLYL-ISOMERASE-RXN		
KFKCNJGC_00586	1			RXN66-3		
KFKCNJGC_00734	1			RXN0-5186		
KFKCNJGC_01859	1			R12-RXN		
KFKCNJGC_01570	1			TRNA-GUANINE-N7--METHYLTRANSFERASE-RXN		
KFKCNJGC_00327	1			ATPSYN-RXN		
KFKCNJGC_01786	1			PROPIONYL-COA-CARBOXY-RXN;RXN1G-4355		
KFKCNJGC_00288	1			RXN-13028		
KFKCNJGC_01233	1			PHOSPHAGLYPSYN-RXN		
KFKCNJGC_00603	1			SAICARSYN-RXN		
KFKCNJGC_01580	1			RXN0-5114;PSERPHOSPHA-RXN		
KFKCNJGC_00395	1			3.1.26.3-RXN		
KFKCNJGC_01641	1			2.7.13.3-RXN		
KFKCNJGC_00876	1			GLUCOSAMINE-6-P-DEAMIN-RXN		
KFKCNJGC_01000	1			1.5.1.20-RXN		
KFKCNJGC_01358	1			RXN0-1281		
KFKCNJGC_01144	1			ISOCITDEH-RXN		
KFKCNJGC_00571	1			DXS-RXN		
KFKCNJGC_00574	1			RXN0-742		
KFKCNJGC_00772	1			2.7.13.3-RXN		
KFKCNJGC_01167	1			LEUCINE--TRNA-LIGASE-RXN		
KFKCNJGC_01633	1			LYSINE--TRNA-LIGASE-RXN		
KFKCNJGC_01429	1			RXN-16706		
KFKCNJGC_01069	1			5-NUCLEOTID-RXN;RXN-14025;RXN-14227;RXN-7607;RXN-5841;XMPXAN-RXN;RXN-14026;RXN-7609;AMP-DEPHOSPHORYLATION-RXN		
KFKCNJGC_01469	1			RXN-21036		
KFKCNJGC_01517	1			RXN-17874;RXN-17878;3.4.11.18-RXN;RXN-17875;RXN-17873;RXN-17876;RXN-17877		
KFKCNJGC_01360	1			THIAZOLSYN3-RXN		
KFKCNJGC_00406	1			DUTP-PYROP-RXN;DCTP-PYROPHOSPHATASE-RXN		
KFKCNJGC_00659	1			RXN-19558;RXN-19552;RXN-19554;RXN-18212;RXN-19556;RXN-19547;RXN-19550;CYSTATHIONINE-BETA-LYASE-RXN;RXN-12729;RXN-19583;RXN-19562;RXN-6763;RXN-19560;S-ALKYLCYSTEINE-LYASE-RXN;RXN-19544		
KFKCNJGC_00858	1			RXN-11063;RXN-11064;METHIONINE-GAMMA-LYASE-RXN		
KFKCNJGC_00346	1			ASPARTASE-RXN		
KFKCNJGC_00107	1			RXN-1823;ALPHA-AMYL-RXN;RXN0-5181;5.4.99.16-RXN;3.2.1.1-RXN		
KFKCNJGC_00494	1			RXN-14014		
KFKCNJGC_00518	1			PANTOTHENATE-KIN-RXN		
KFKCNJGC_01363	1			PYRIMSYN3-RXN;OHMETPYRKIN-RXN		
KFKCNJGC_01799	1			RXN0-5414		
KFKCNJGC_00005	1			5.99.1.3-RXN		
KFKCNJGC_00499	1			3.5.1.88-RXN;3.5.1.27-RXN		
KFKCNJGC_01974	1			2.7.1.148-RXN		
KFKCNJGC_00555	1			2-AMINOADIPATE-AMINOTRANSFERASE-RXN		
KFKCNJGC_01266	1			RXN-21560;RXN-14385;RXN-22700;RXN-15881;RXN-9787;RXN-20037;RXN-22698;RXN-12588;RXN-21566		
KFKCNJGC_00404	1			NICOTINATEPRIBOSYLTRANS-RXN		
KFKCNJGC_00114	1			RXN0-1061		
KFKCNJGC_01287	1			ALDOSE-1-EPIMERASE-RXN;ALDOSE1EPIM-RXN		
KFKCNJGC_01333	1			GLUTAMIDOTRANS-RXN		
KFKCNJGC_01511	1			1.1.1.292-RXN		
KFKCNJGC_00238	1			PRPPSYN-RXN		
KFKCNJGC_01973	1			RXN-11633		
KFKCNJGC_00606	1			2.4.1.157-RXN		
KFKCNJGC_01054	1			SUCCCOASYN-RXN		
KFKCNJGC_01853	1			RXN185E-10		
KFKCNJGC_01442	1			METHIONYL-TRNA-FORMYLTRANSFERASE-RXN		
KFKCNJGC_00891	1			RXN-11109		
KFKCNJGC_01312	1			RXN-8975;RXN-11028;PHOSNACMURPENTATRANS-RXN;RXN-22610;RXN-11347		
KFKCNJGC_00953	1			PYRNUTRANSHYDROGEN-RXN;TRANS-RXN0-277		
KFKCNJGC_00006	1			5.99.1.3-RXN		
KFKCNJGC_00490	1			PROTEIN-KINASE-RXN		
KFKCNJGC_00543	1			GLUCUROISOM-RXN;GALACTUROISOM-RXN		
KFKCNJGC_00073	1			TEICHOICSYN4-RXN		
KFKCNJGC_01730	1			DNA-DIRECTED-DNA-POLYMERASE-RXN;RXN-20927;RXN0-4961		
KFKCNJGC_01837	1			RXN-13163		
KFKCNJGC_00037	1			PEPCARBOX-RXN		
KFKCNJGC_01006	1			OROTPDECARB-RXN		
KFKCNJGC_00054	1			ANTHRANSYN-RXN		
KFKCNJGC_00707	1			ORNCARBAMTRANSFER-RXN		
KFKCNJGC_00869	1			ATPASE-RXN		
KFKCNJGC_00881	1			CHOLINE-SULFATASE-RXN		
KFKCNJGC_01841	1			RXN-11396		
KFKCNJGC_01432	1			RXN-15151;RXN-15084;RXN-15152;RXN-15155;RXN-15154;RXN-15157;RXN-15150		
KFKCNJGC_00719	1			RXN-18666		
KFKCNJGC_00587	1			GLYRIBONUCSYN-RXN		
KFKCNJGC_01673	1			TRNA-PSEUDOURIDINE-SYNTHASE-I-RXN		
KFKCNJGC_00655	1			DNA-DIRECTED-DNA-POLYMERASE-RXN;RXN-20927;RXN0-4961		
KFKCNJGC_00852	1			RXN1YI0-14;SUCCINATE-DEHYDROGENASE-UBIQUINONE-RXN;RXN-15378;RXN-21393;RXN-14971;RXN-14963;SUCCINATE-DEHYDROGENASE-UBIQUINONE6-RXN;R601-RXN		
KFKCNJGC_00802	1			ACETATEKIN-RXN;PROPKIN-RXN		
KFKCNJGC_01650	1			RXN0-2161;SERINE--TRNA-LIGASE-RXN		
KFKCNJGC_00879	1			GLUCOSE-6-PHOSPHATE-1-EPIMERASE-RXN		
KFKCNJGC_00388	1			CYSTEINE--TRNA-LIGASE-RXN		
KFKCNJGC_01335	1			IMIDPHOSDEHYD-RXN		
KFKCNJGC_00875	1			NAG6PDEACET-RXN;3.5.1.80-RXN		
KFKCNJGC_00495	1			DIHYDRODIPICSYN-RXN		
KFKCNJGC_00160	1			DTMPKI-RXN		
KFKCNJGC_01502	1			3.1.11.6-RXN		
KFKCNJGC_00236	1			RXN-14089		
KFKCNJGC_00524	1			RXN-19038;RXN66-562;CYSTATHIONINE-BETA-SYNTHASE-RXN;RXN66-534		
KFKCNJGC_01323	1			3.4.21.88-RXN		
KFKCNJGC_01317	1			RXN-11638		
KFKCNJGC_01566	1			GLYCOLALDREDUCT-RXN;LACTALDREDUCT-RXN;RXN-8641		
KFKCNJGC_01337	1			RXN-8001		
KFKCNJGC_00644	1			CELLULOSE-SYNTHASE-UDP-FORMING-RXN		
KFKCNJGC_01905	1			RXN-14461		
KFKCNJGC_00056	1			PROTEIN-KINASE-RXN		
KFKCNJGC_00752	1			2PGADEHYDRAT-RXN		
PPHIGDPK_01897		1			LACTOSE6P-HYDROXY-RXN;6-PHOSPHO-BETA-GALACTOSIDASE-RXN	
PPHIGDPK_00968		1			RXN-14461	
PPHIGDPK_01348		1			TRANS-RXN-250	
PPHIGDPK_00720		1			RXN-11600	
PPHIGDPK_00555		1			RXN-8457	
PPHIGDPK_00379		1			RXN0-5114;PSERPHOSPHA-RXN	
PPHIGDPK_00460		1			ABC-42-RXN	
PPHIGDPK_01614		1			HISTIDINE--TRNA-LIGASE-RXN	
PPHIGDPK_01928		1			GDPPYPHOSKIN-RXN;GTPPYPHOSKIN-RXN	
PPHIGDPK_00729		1			VALINE--TRNA-LIGASE-RXN	
PPHIGDPK_00370		1			RXN-10767;RXN-12575;RXN-10711;3.1.1.64-RXN;RXN18C3-61;RETINYL-PALMITATE-ESTERASE-RXN;RXNQT-4366;CARBOXYLESTERASE-RXN;RXN-12252	
PPHIGDPK_02203		1			RXN-8668	
PPHIGDPK_01683		1			ORNCARBAMTRANSFER-RXN	
PPHIGDPK_02000		1			ACETYLGLUTKIN-RXN	
PPHIGDPK_01631		1			GALACTOKIN-RXN	
PPHIGDPK_00437		1			PHOSACETYLTRANS-RXN	
PPHIGDPK_01837		1			3.4.21.107-RXN	
PPHIGDPK_02183		1			PROTOHEMEFERROCHELAT-RXN	
PPHIGDPK_02107		1			3.1.26.8-RXN	
PPHIGDPK_01807		1			THRESYN-RXN	
PPHIGDPK_00955		1			TYROSINE--TRNA-LIGASE-RXN	
PPHIGDPK_02243		1			RXN0-742	
PPHIGDPK_01880		1			COA-DISULFIDE-REDUCTASE-NADH-RXN	
PPHIGDPK_01036		1			3.4.11.2-RXN	
PPHIGDPK_01891		1			LACTOSE-6-PHOSPHATE-ISOMERASE-RXN	
PPHIGDPK_00201		1			3.2.2.21-RXN;RXN0-5189	
PPHIGDPK_02018		1			RXN-12726;ACSERLY-RXN	
PPHIGDPK_00458		1			RXN0-5304;RXN-15710	
PPHIGDPK_00510		1			INORGPYROPHOSPHAT-RXN	
PPHIGDPK_01482		1			2.7.13.3-RXN	
PPHIGDPK_01606		1			RXN0-1281	
PPHIGDPK_02241		1			GLYRIBONUCSYN-RXN	
PPHIGDPK_01571		1			THREONINE--TRNA-LIGASE-RXN	
PPHIGDPK_00898		1			SERINE--PYRUVATE-AMINOTRANSFERASE-RXN;ALANINE--GLYOXYLATE-AMINOTRANSFERASE-RXN	
PPHIGDPK_01077		1			PYRAZIN-RXN;NICOTINAMID-RXN	
PPHIGDPK_01700		1			GLURS-RXN	
PPHIGDPK_01278		1			1.11.1.15-RXN;RXN-22617;RXN0-267;RXN-22620	
PPHIGDPK_01287		1			3.6.3.42-RXN;TRANS-RXN2B4Q-127	
PPHIGDPK_00500		1			RXN-14992	
PPHIGDPK_00640		1			GLUC1PURIDYLTRANS-RXN	
PPHIGDPK_00284		1			5.99.1.3-RXN;5.99.1.2-RXN	
PPHIGDPK_00221		1			NICOTINATEPRIBOSYLTRANS-RXN	
PPHIGDPK_00016		1			SHIKIMATE-KINASE-RXN	
PPHIGDPK_02008		1			METHIONINE--TRNA-LIGASE-RXN;RXN-16165	
PPHIGDPK_00045		1			S-FORMYLGLUTATHIONE-HYDROLASE-RXN	
PPHIGDPK_02015		1			RXN-18666	
PPHIGDPK_01022		1			RXN-21077;RXN-21072	
PPHIGDPK_02292		1			IGPSYN-RXN	
PPHIGDPK_00551		1			DEPHOSPHOCOAKIN-RXN	
PPHIGDPK_00845		1			3.4.24.38-RXN	
PPHIGDPK_01998		1			3.1.26.3-RXN	
PPHIGDPK_01119		1			NICONUCADENYLYLTRAN-RXN	
PPHIGDPK_02108		1			SHIKIMATE-KINASE-RXN	
PPHIGDPK_00643		1			RXN-11458;TRANS-HEXAPRENYLTRANSTRANSFERASE-RXN	
PPHIGDPK_00038		1			ATPSYN-RXN	
PPHIGDPK_02266		1			3.2.1.70-RXN	
PPHIGDPK_00174		1			RXN-18357;DIHYDROFOLATEREDUCT-RXN;RXN-22709;RXN-19329	
PPHIGDPK_01907		1			DLACTDEHYDROGNAD-RXN	
PPHIGDPK_01346		1			HOMOCYSMET-RXN;RXN-12730	
PPHIGDPK_01087		1			RXN0-6727;RXN-13141	
PPHIGDPK_00761		1			DNA-DIRECTED-DNA-POLYMERASE-RXN;RXN-20927;RXN0-4961	
PPHIGDPK_00143		1			RXN-11600	
PPHIGDPK_00584		1			RXN-11290	
PPHIGDPK_00356		1			PEPTIDYLPROLYL-ISOMERASE-RXN	
PPHIGDPK_00195		1			RXN-7572;L-LACTATE-DEHYDROGENASE-RXN	
PPHIGDPK_00178		1			HYPOXANPRIBOSYLTRAN-RXN;XANPRIBOSYLTRAN-RXN;GUANPRIBOSYLTRAN-RXN	
PPHIGDPK_00495		1			THYKI-RXN;DURIDKI-RXN	
PPHIGDPK_01497		1			RXN-8001	
PPHIGDPK_01515		1			ACETOOHBUTREDUCTOISOM-RXN;ACETOLACTREDUCTOISOM-RXN	
PPHIGDPK_01237		1			DAHPSYN-RXN	
PPHIGDPK_00884		1			RXN-12626;3.2.1.52-RXN;RXN-22612;RXN-12625;RXN0-5226;RXN-21432;RXN-18082;RXN-22591	
PPHIGDPK_00976		1			TRIPHOSPHATASE-RXN	
PPHIGDPK_00651		1			6-PHOSPHO-BETA-GLUCOSIDASE-RXN;RXN0-6994;RXN0-7002	
PPHIGDPK_01117		1			RXN0-7014;RXN-17960;RXN-17962;RXN-17961;RXN-17963	
PPHIGDPK_01475		1			RXN0-5038	
PPHIGDPK_02047		1			FMNREDUCT-RXN	
PPHIGDPK_00648		1			OROTATE-REDUCTASE-NADH-RXN	
PPHIGDPK_00684		1			RXN0-5021	
PPHIGDPK_01037		1			1.11.1.15-RXN	
PPHIGDPK_01298		1			TRANS-RXN-156	
PPHIGDPK_02060		1			ASPARTATEKIN-RXN	
PPHIGDPK_02254		1			RIBULOKIN-RXN;RXN0-5116	
PPHIGDPK_01066		1			RXN-21036	
PPHIGDPK_00568		1			RXN0-5414	
PPHIGDPK_01374		1			GLUTRACE-RXN	
PPHIGDPK_00334		1			PPENTOMUT-RXN;D-PPENTOMUT-RXN	
PPHIGDPK_01098		1			2.7.1.121-RXN	
PPHIGDPK_01701		1			RXN-11751	
PPHIGDPK_00318		1			RXN-11047;RXN-9365;RXN-9360;RXN-9217;RXN-9358;DMK-RXN;RXN-9190;RXN-9359;RXN-19668;RXN-9204	
PPHIGDPK_01456		1			3.2.1.83-RXN	
PPHIGDPK_00285		1			RXN-1381;RXN-10462	
PPHIGDPK_00855		1			2.1.1.63-RXN;RXN-17824	
PPHIGDPK_01936		1			RXN-11638	
PPHIGDPK_01407		1			ASPCARBTRANS-RXN	
PPHIGDPK_02264		1			TRANS-RXN-477	
PPHIGDPK_01926		1			RXN0-5413	
PPHIGDPK_00288		1			RXN0-748;CDPREDUCT-RXN;GDPREDUCT-RXN;RIBONUCLEOSIDE-DIP-REDUCTI-RXN;RXN0-747;RIBONUCLEOSIDE-DIP-REDUCTII-RXN;ADPREDUCT-RXN;RXN0-722;UDPREDUCT-RXN	
PPHIGDPK_01091		1			RXN-11602	
PPHIGDPK_01241		1			RXN-1623;1-ACYLGLYCEROL-3-P-ACYLTRANSFER-RXN	
PPHIGDPK_01549		1			RXN1G-3641;RXN1G01-65;2.1.1.79-RXN;RXN-7421;RXN1G-2544	
PPHIGDPK_00424		1			RXN0-6994;RXN0-7002;6-PHOSPHO-BETA-GLUCOSIDASE-RXN;RXN0-5295;RXN0-5297	
PPHIGDPK_02242		1			RXN0-743	
PPHIGDPK_01356		1			THIAZOLSYN3-RXN	
PPHIGDPK_01611		1			ASPARTATE--TRNA-LIGASE-RXN	
PPHIGDPK_01122		1			RXN0-5510	
PPHIGDPK_01355		1			PYRIMSYN3-RXN;OHMETPYRKIN-RXN	
PPHIGDPK_01337		1			GLYCEROL-KIN-RXN	
PPHIGDPK_01210		1			RXN-16003	
PPHIGDPK_00519		1			PROTEIN-KINASE-RXN	
PPHIGDPK_01184		1			3.5.2.12-RXN	
PPHIGDPK_00305		1			TAGAKIN-RXN	
PPHIGDPK_01400		1			GLUTKIN-RXN	
PPHIGDPK_00148		1			CARDIOLIPSYN-RXN;RXN0-7012;RXN-8141	
PPHIGDPK_00548		1			RXN-16380;RXN-9623;RXN-16393;RXN-7904;RXN-9644	
PPHIGDPK_00919		1			DIACYLGLYKIN-RXN	
PPHIGDPK_01592		1			RXN-802;RXN-21078;RXN-801	
PPHIGDPK_00083		1			RXN0-4261;RXN-11135	
PPHIGDPK_01380		1			BRANCHED-CHAINAMINOTRANSFERLEU-RXN;BRANCHED-CHAINAMINOTRANSFERILEU-RXN;BRANCHED-CHAINAMINOTRANSFERVAL-RXN	
PPHIGDPK_00969		1			RXN-12446	
PPHIGDPK_01167		1			RXN-11586	
PPHIGDPK_00248		1			GTP-CYCLOHYDRO-I-RXN	
PPHIGDPK_00027		1			INORGPYROPHOSPHAT-RXN	
PPHIGDPK_01755		1			DUTP-PYROP-RXN	
PPHIGDPK_00332		1			INOPHOSPHOR-RXN;DEOXYINOPHOSPHOR-RXN;RXN0-5199;DEOXYADENPHOSPHOR-RXN;XANTHOSINEPHOSPHORY-RXN;DEOXYGUANPHOSPHOR-RXN;ADENPHOSPHOR-RXN	
PPHIGDPK_00313		1			RXN-16649;RXN-11351;RXN-16659	
PPHIGDPK_00767		1			GLUTAMINESYN-RXN	
PPHIGDPK_00381		1			RXN0-2161;SERINE--TRNA-LIGASE-RXN	
PPHIGDPK_00737		1			RXN0-6515	
PPHIGDPK_00926		1			CHOLINE-KINASE-RXN	
PPHIGDPK_02093		1			RXN-20993;RXN-21392;RXN-20992;RXN0-5266	
PPHIGDPK_01131		1			DTDPGLUCDEHYDRAT-RXN	
PPHIGDPK_00250		1			4.2.99.18-RXN	
PPHIGDPK_00013		1			RXN0-4261;RXN-11135	
PPHIGDPK_01506		1			RXN0-6385;RXN0-6359;RXN-19040;THIOSULFATE-SULFURTRANSFERASE-RXN	
PPHIGDPK_00998		1			RXN-21415;NADH-DEHYDROG-A-RXN	
PPHIGDPK_01173		1			RXN0-6994;RXN0-7002;6-PHOSPHO-BETA-GLUCOSIDASE-RXN;RXN0-5295;RXN0-5297	
PPHIGDPK_02331		1			RXN-22498;GUANYL-KIN-RXN	
PPHIGDPK_00769		1			PROTEIN-TYROSINE-PHOSPHATASE-RXN	
PPHIGDPK_00647		1			OROTATE-REDUCTASE-NADH-RXN	
PPHIGDPK_01225		1			ARGSUCCINSYN-RXN;RXN-10	
PPHIGDPK_01358		1			UDPGLCNACEPIM-RXN	
PPHIGDPK_01367		1			RXN-11836	
PPHIGDPK_01893		1			TAGAKIN-RXN	
PPHIGDPK_01661		1			ACETATEKIN-RXN;PROPKIN-RXN	
PPHIGDPK_01379		1			MALTACETYLTRAN-RXN	
PPHIGDPK_01882		1			RXN-22365	
PPHIGDPK_02204		1			RXN-9929	
PPHIGDPK_00160		1			3.6.3.31-RXN;ABC-24-RXN;ABC-25-RXN	
PPHIGDPK_02230		1			RXN185E-10	
PPHIGDPK_01270		1			RXN-11063;RXN-11064;METHIONINE-GAMMA-LYASE-RXN	
PPHIGDPK_02342		1			RXN-11591	
PPHIGDPK_00455		1			RXN-22497;AICARSYN-RXN;AMPSYN-RXN	
PPHIGDPK_02257		1			PHOSPHOKETOLASE-RXN	
PPHIGDPK_00037		1			ATPSYN-RXN	
PPHIGDPK_00698		1			RXN-9658;RXN-9662;ENOYL-ACP-REDUCT-NADPH-RXN;RXN-9660;RXN-9661;RXN-17126;RXN-9657;RXN-16632;RXN-9663;ENOYL-ACP-REDUCT-NADH-RXN;RXN-9659	
PPHIGDPK_01350		1			RXN-18014;6.1.1.13-RXN	
PPHIGDPK_01714		1			DNA-DIRECTED-RNA-POLYMERASE-RXN	
PPHIGDPK_00558		1			ISOCITDEH-RXN	
PPHIGDPK_02077		1			3.6.1.41-RXN	
PPHIGDPK_01499		1			IMIDPHOSDEHYD-RXN	
PPHIGDPK_00199		1			RXN1YI0-14;SUCCINATE-DEHYDROGENASE-UBIQUINONE-RXN;RXN-15378;RXN-21393;RXN-14971;RXN-14963;SUCCINATE-DEHYDROGENASE-UBIQUINONE6-RXN;R601-RXN	
PPHIGDPK_01718		1			RXN-22613;RXN-14267;RXN-16938;3.4.24.32-RXN;RXN0-5225	
PPHIGDPK_00068		1			GLCNACPTRANS-RXN	
PPHIGDPK_00114		1			RXN0-5114;PSERPHOSPHA-RXN	
PPHIGDPK_00930		1			RXN-11109	
PPHIGDPK_01164		1			RXN-11047;RXN-9365;RXN-9360;RXN-9217;RXN-9358;DMK-RXN;RXN-9190;RXN-9359;RXN-19668;RXN-9204	
PPHIGDPK_00763		1			1.8.4.14-RXN	
PPHIGDPK_01961		1			ALARACECAT-RXN	
PPHIGDPK_01493		1			RXN0-6525;RXN0-7023;RXN0-6479;3.1.13.1-RXN;RXN0-4222;RXN0-6524	
PPHIGDPK_00508		1			ACYLPHOSPHATASE-RXN	
PPHIGDPK_01012		1			RXN-21036	
PPHIGDPK_01109		1			RXN-14536	
PPHIGDPK_00902		1			TRNA-PSEUDOURIDINE-SYNTHASE-I-RXN	
PPHIGDPK_02069		1			2.5.1.64-RXN	
PPHIGDPK_00030		1			3-DEHYDROQUINATE-SYNTHASE-RXN	
PPHIGDPK_00481		1			ASPARTATE-SEMIALDEHYDE-DEHYDROGENASE-RXN	
PPHIGDPK_00169		1			GTP-CYCLOHYDRO-I-RXN	
PPHIGDPK_00539		1			RXN-17393;RXN-17392;RXN0-5190;RXN-17391	
PPHIGDPK_02106		1			RXN-11633	
PPHIGDPK_02056		1			RXN-19814	
PPHIGDPK_01646		1			RXN-14160;GLYCPDIESTER-RXN;RXN-20557;RXN-14073;RXN-20556;RXN-14136	
PPHIGDPK_01514		1			ACETOOHBUTSYN-RXN;ACETOLACTSYN-RXN	
PPHIGDPK_00534		1			3.1.26.11-RXN	
PPHIGDPK_01679		1			RXN-14636	
PPHIGDPK_00082		1			RXN-7657;ALCOHOL-DEHYDROG-RXN	
PPHIGDPK_00697		1			RXN-9520;RXN-16631;4.2.1.58-RXN;RXN-9634;3-HYDROXYDECANOYL-ACP-DEHYDR-RXN;4.2.1.59-RXN;RXN-9655;4.2.1.61-RXN;RXN-9533;RXN-9537	
PPHIGDPK_02285		1			RXN-9191;RXN-11754;RXN-9205;RXN-9220;ADOMET-DMK-METHYLTRANSFER-RXN	
PPHIGDPK_00220		1			TDPFUCACTRANS-RXN	
PPHIGDPK_02138		1			3.4.21.96-RXN	
PPHIGDPK_00309		1			RXN0-1061	
PPHIGDPK_00210		1			5.99.1.3-RXN	
PPHIGDPK_01691		1			1.2.3.3-RXN	
PPHIGDPK_00644		1			RXN-11578	
PPHIGDPK_00057		1			RXN-17778;RXN-20153;RXN-17782;RXN-13617;ACETYL-COA-ACETYLTRANSFER-RXN;RXN-14277;RXN-12565;RXN-14274;RXN-14394	
PPHIGDPK_00072		1			RXN0-5223	
PPHIGDPK_01159		1			1.8.4.12-RXN	
PPHIGDPK_01336		1			GLYCEROL-3-PHOSPHATE-OXIDASE-RXN	
PPHIGDPK_01172		1			DUTP-PYROP-RXN	
PPHIGDPK_02025		1			RXN-9527;3-OXOACYL-ACP-SYNTH-RXN;3-OXOACYL-ACP-SYNTH-BASE-RXN;RXN-9531;RXN-9539;RXN-16629;RXN-9523;RXN-9535;RXN-9516	
PPHIGDPK_00961		1			RXN-18388	
PPHIGDPK_01249		1			RXN-11598	
PPHIGDPK_00591		1			2.1.1.72-RXN	
PPHIGDPK_01578		1			RXN-9384;O-SUCCHOMOSERLYASE-RXN;CYSPH-RXN;ACETYLHOMOSER-CYS-RXN;O-ACETYLHOMOSERINE-THIOL-LYASE-RXN;RXN-18602	
PPHIGDPK_00634		1			RXN-14192;RXN-14117;RXN-14207;PEPDEPHOS-RXN	
PPHIGDPK_02076		1			RXN0-1081;RXN-13997	
PPHIGDPK_01152		1			DTDPDEHYDRHAMEPIM-RXN	
PPHIGDPK_01137		1			UDP-N-ACETYLGLUCOSAMINE-4-EPIMERASE-RXN	
PPHIGDPK_01892		1			LACTOSE-6-PHOSPHATE-ISOMERASE-RXN	
PPHIGDPK_01529		1			2.7.13.3-RXN	
PPHIGDPK_00809		1			RXN0-4261;RXN-11135	
PPHIGDPK_00237		1			DUTP-PYROP-RXN;RXN-12195;DCTP-PYROPHOSPHATASE-RXN	
PPHIGDPK_01632		1			ALDOSE-1-EPIMERASE-RXN;ALDOSE1EPIM-RXN	
PPHIGDPK_00426		1			RXN-9191;ADOMET-DMK-METHYLTRANSFER-RXN;RXN-9205;RXN-9220	
PPHIGDPK_00122		1			ASPARAGINE--TRNA-LIGASE-RXN	
PPHIGDPK_00435		1			RXN-14347	
PPHIGDPK_01115		1			RXN-13404	
PPHIGDPK_02170		1			DNA-LIGASE-NAD+-RXN	
PPHIGDPK_00342		1			5.99.1.3-RXN	
PPHIGDPK_02270		1			6-PHOSPHO-BETA-GLUCOSIDASE-RXN;RXN0-6994;RXN0-7002	
PPHIGDPK_00938		1			RXN-11637	
PPHIGDPK_01950		1			RXN-14455	
PPHIGDPK_00503		1			RXN0-5234;GLYOHMETRANS-RXN	
PPHIGDPK_02192		1			RXN-14014	
PPHIGDPK_00314		1			RXN-15513	
PPHIGDPK_00019		1			2.7.13.3-RXN	
PPHIGDPK_01662		1			ACETATEKIN-RXN;PROPKIN-RXN	
PPHIGDPK_02295		1			TRYPSYN-RXN	
PPHIGDPK_01590		1			PHENYLALANINE--TRNA-LIGASE-RXN	
PPHIGDPK_01990		1			SUGAR-PHOSPHATASE-RXN	
PPHIGDPK_00520		1			RXN0-20	
PPHIGDPK_02079		1			HOMOCYSMET-RXN;RXN-12730	
PPHIGDPK_02374		1			PRPPSYN-RXN	
PPHIGDPK_01685		1			ARGININE--TRNA-LIGASE-RXN	
PPHIGDPK_02289		1			ANTHRANSYN-RXN	
PPHIGDPK_00842		1			3.1.22.4-RXN	
PPHIGDPK_01250		1			RXN0-5419	
PPHIGDPK_01684		1			ARGININE-DEIMINASE-RXN	
PPHIGDPK_00849		1			RXN-21560;RXN-14385;RXN-22700;RXN-15881;RXN-9787;RXN-20037;RXN-22698;RXN-12588;RXN-21566	
PPHIGDPK_01628		1			RXN-12398;RXN-19765;RXN-12399;3.2.1.23-RXN;RXN-12400	
PPHIGDPK_00499		1			NADPH-DEHYDROGENASE-FLAVIN-RXN;RXN-12444	
PPHIGDPK_00953		1			RXN-16194;3.4.11.7-RXN;RXN-16201;RXN-16190	
PPHIGDPK_02343		1			3.1.3.16-RXN	
PPHIGDPK_02051		1			TRNA-GUANINE-N7--METHYLTRANSFERASE-RXN	
PPHIGDPK_00056		1			RXN-16380;RXN-9623;RXN-16393;RXN-7904;RXN-9644;RXN-15714	
PPHIGDPK_00018		1			PREPHENATEDEHYDROG-RXN	
PPHIGDPK_02367		1			ISOLEUCINE--TRNA-LIGASE-RXN	
PPHIGDPK_01894		1			TAGAALDOL-RXN	
PPHIGDPK_02169		1			RXN-15089;RXN-18935;3.1.1.23-RXN;RXN-7952;RXN-15088	
PPHIGDPK_00738		1			PANTEPADENYLYLTRAN-RXN	
PPHIGDPK_00897		1			CTPSYN-RXN	
PPHIGDPK_01839		1			2.4.1.157-RXN	
PPHIGDPK_02158		1			2.1.1.72-RXN	
PPHIGDPK_00061		1			RXN-16322;2-NITROPROPANE-DIOXYGENASE-RXN	
PPHIGDPK_00932		1			SUPEROX-DISMUT-RXN	
PPHIGDPK_00202		1			RXN0-4401;NADPYROPHOSPHAT-RXN	
PPHIGDPK_00087		1			INORGPYROPHOSPHAT-RXN	
PPHIGDPK_00603		1			MALTACETYLTRAN-RXN	
PPHIGDPK_00138		1			ACETOOHBUTSYN-RXN;ACETOLACTSYN-RXN	
PPHIGDPK_00219		1			NAD-SYNTH-NH3-RXN;NAD-SYNTH-GLN-RXN	
PPHIGDPK_01235		1			2.7.3.9-RXN	
PPHIGDPK_00303		1			CARDIOLIPSYN-RXN;RXN0-7012;RXN-8141	
PPHIGDPK_01132		1			2.7.7.40-RXN	
PPHIGDPK_00984		1			ASNSYNB-RXN	
PPHIGDPK_01382		1			GLUTDECARBOX-RXN	
PPHIGDPK_01286		1			RXN-8629;RXN-7716;RXN-7719;1.8.1.4-RXN;RXN0-1132	
PPHIGDPK_01579		1			HOMSUCTRAN-RXN	
PPHIGDPK_00811		1			GAPOXNPHOSPHN-RXN	
PPHIGDPK_00999		1			RXN0-267;RXN-22617;1.11.1.15-RXN;RXN-22620;R4-RXN	
PPHIGDPK_01297		1			MANNPDEHYDROG-RXN	
PPHIGDPK_01836		1			RXN-11592	
PPHIGDPK_02344		1			PROTEIN-KINASE-RXN	
PPHIGDPK_01212		1			RXN-21950;1.2.1.42-RXN;RXN-14169	
PPHIGDPK_01357		1			RXN0-5413	
PPHIGDPK_01591		1			PHENYLALANINE--TRNA-LIGASE-RXN	
PPHIGDPK_02316		1			RXN-22505;THYM-PHOSPH-RXN;URPHOS-RXN;URA-PHOSPH-RXN	
PPHIGDPK_01245		1			RXN-19729;RXN-19727;RXN-19726;RXN-19728;RXN-15041	
PPHIGDPK_00389		1			RXN-11832;RXN-7913	
PPHIGDPK_02002		1			N-ACETYLTRANSFER-RXN;GLUTAMATE-N-ACETYLTRANSFERASE-RXN	
PPHIGDPK_02024		1			ACETYL-COA-CARBOXYLTRANSFER-RXN	
PPHIGDPK_01055		1			ADENODEAMIN-RXN;ADDALT-RXN	
PPHIGDPK_00693		1			RXN0-5510	
PPHIGDPK_01063		1			N-ACETYLDIAMINOPIMELATE-DEACETYLASE-RXN	
PPHIGDPK_00267		1			2.7.13.3-RXN	
PPHIGDPK_00509		1			RXN-11588	
PPHIGDPK_00088		1			TDCEACT-RXN	
PPHIGDPK_00209		1			RXN-14461	
PPHIGDPK_02332		1			DNA-DIRECTED-RNA-POLYMERASE-RXN	
PPHIGDPK_00387		1			RXN-15165;TRANS-RXN-167A;RXN-15087;RXN-15162;RXN-15164;TRANS-RXN-165	
PPHIGDPK_01510		1			RXN-13163	
PPHIGDPK_01962		1			RXN-15889;ENTDB-RXN;HOLO-ACP-SYNTH-RXN;RXN-19477;RXN-16759;RXN-19493;RXN-10674;RXN-10994	
PPHIGDPK_02232		1			GART-RXN	
PPHIGDPK_02329		1			GLUCOSAMINE-6-P-DEAMIN-RXN	
PPHIGDPK_00914		1			5.4.2.10-RXN	
PPHIGDPK_01637		1			GLYCERATE-DEHYDROGENASE-RXN	
PPHIGDPK_00347		1			RXN-16819	
PPHIGDPK_02337		1			METHIONYL-TRNA-FORMYLTRANSFERASE-RXN	
PPHIGDPK_02287		1			RXN-13853	
PPHIGDPK_00132		1			TRANS-RXN-2	
PPHIGDPK_00421		1			2.7.13.3-RXN	
PPHIGDPK_00639		1			GLYC3PDEHYDROGBIOSYN-RXN	
PPHIGDPK_00235		1			UNDECAPRENOL-KINASE-RXN	
PPHIGDPK_00266		1			UNDECAPRENYL-DIPHOSPHATASE-RXN	
PPHIGDPK_01029		1			UDPNACETYLGLUCOSAMENOLPYRTRANS-RXN	
PPHIGDPK_02290		1			PABASYN-RXN	
PPHIGDPK_01408		1			CARBPSYN-RXN	
PPHIGDPK_01154		1			DTDPGLUCOSEPP-RXN	
PPHIGDPK_01288		1			RXN0-6575	
PPHIGDPK_02176		1			RXN-9310	
PPHIGDPK_02054		1			RXN0-4261;RXN-11135	
PPHIGDPK_00040		1			ATPSYN-RXN	
PPHIGDPK_01208		1			RXN-14371;RXN-14372;RXN-7710;GLYCOGEN-BRANCH-RXN;RXN-7669;RXN-18777	
PPHIGDPK_00216		1			R345-RXN	
PPHIGDPK_00367		1			RXN-14992	
PPHIGDPK_00444		1			RXN-11574	
PPHIGDPK_02224		1			FGAMSYN-RXN	
PPHIGDPK_00912		1			RXN-15083;TRANS-RXN-157;TRANS-RXN0-540;RXN-15143;TRANS-RXN-153A	
PPHIGDPK_00941		1			DNA-DIRECTED-DNA-POLYMERASE-RXN;RXN-20927;RXN0-4961	
PPHIGDPK_00010		1			DIACYLGLYKIN-RXN	
PPHIGDPK_01199		1			RXN0-1321;QUEUOSINE-TRNA-RIBOSYLTRANSFERASE-RXN	
PPHIGDPK_00432		1			RXN-11047;RXN-9365;RXN-9360;RXN-9217;RXN-9358;DMK-RXN;RXN-9190;RXN-9359;RXN-19668;RXN-9204	
PPHIGDPK_00537		1			RXN-14270;ADENPRIBOSYLTRAN-RXN	
PPHIGDPK_01342		1			3.2.1.1-RXN;ALPHA-AMYL-RXN;RXN-1823;RXN0-5181	
PPHIGDPK_00507		1			RXN0-5114;PSERPHOSPHA-RXN	
PPHIGDPK_00274		1			RXN-17362	
PPHIGDPK_01343		1			RXN-19631	
PPHIGDPK_00813		1			TRANS-RXN-194	
PPHIGDPK_02187		1			RXN66-546;PYRROLINECARBREDUCT-RXN	
PPHIGDPK_01512		1			DIHYDROXYISOVALDEHYDRAT-RXN;DIHYDROXYMETVALDEHYDRAT-RXN	
PPHIGDPK_00986		1			RXN-11109	
PPHIGDPK_01838		1			2.4.1.208-RXN	
PPHIGDPK_02348		1			RXN0-1441	
PPHIGDPK_00118		1			THIAMIN-PYROPHOSPHOKINASE-RXN	
PPHIGDPK_00418		1			MALTOSE-PHOSPHORYLASE-RXN	
PPHIGDPK_01859		1			3.1.26.4-RXN	
PPHIGDPK_00657		1			CEPHALOSPORIN-C-DEACETYLASE-RXN	
PPHIGDPK_01495		1			ATPPHOSPHORIBOSYLTRANS-RXN	
PPHIGDPK_01103		1			PHOSGLYPHOS-RXN	
PPHIGDPK_01248		1			RXN0-5414	
PPHIGDPK_01933		1			RXN-8975;RXN-11028;PHOSNACMURPENTATRANS-RXN;RXN-22610;RXN-11347	
PPHIGDPK_02245		1			RXN-22739;RXN-22740;XYLISOM-RXN;GLUCISOM-RXN	
PPHIGDPK_00167		1			H2NEOPTERINP3PYROPHOSPHOHYDRO-RXN	
PPHIGDPK_00636		1			NAG6PDEACET-RXN;3.5.1.80-RXN	
PPHIGDPK_00838		1			F16BDEPHOS-RXN;MYO-INOSITOL-1OR-4-MONOPHOSPHATASE-RXN	
PPHIGDPK_00959		1			RXN0-5375	
PPHIGDPK_00392		1			PUTRESCINE-CARBAMOYLTRANSFERASE-RXN	
PPHIGDPK_01139		1			RXN-18684	
PPHIGDPK_01378		1			GLUTAMATESYN-RXN	
PPHIGDPK_01905		1			DNA-DIRECTED-DNA-POLYMERASE-RXN;RXN-20927;RXN0-4961	
PPHIGDPK_00696		1			ACETYLORNDEACET-RXN;RXN-7933	
PPHIGDPK_02171		1			RXN0-1342	
PPHIGDPK_02189		1			RXN-12458;RXN-14517	
PPHIGDPK_00739		1			3.4.21.53-RXN	
PPHIGDPK_00601		1			RIBOPHOSPHAT-RXN	
PPHIGDPK_00787		1			GLU6PDEHYDROG-RXN	
PPHIGDPK_01231		1			RXN-9310	
PPHIGDPK_02100		1			GLUC1PADENYLTRANS-RXN	
PPHIGDPK_02180		1			HYDROXYMETHYLGLUTARYL-COA-REDUCTASE-RXN	
PPHIGDPK_01328		1			DNA-DIRECTED-DNA-POLYMERASE-RXN;RXN-20927	
PPHIGDPK_00633		1			RXN-7572;L-LACTATE-DEHYDROGENASE-RXN	
PPHIGDPK_00395		1			CARBAMATE-KINASE-RXN	
PPHIGDPK_01285		1			RXN0-1133;DIHYDLIPACETRANS-RXN	
PPHIGDPK_01501		1			GLUTAMIDOTRANS-RXN	
PPHIGDPK_00454		1			3-DEHYDROQUINATE-DEHYDRATASE-RXN	
PPHIGDPK_01394		1			SPERMACTRAN-RXN;RXN-19536;RXN0-7165;RXN-9939;DIAMACTRANS-RXN;RXN-0	
PPHIGDPK_00478		1			2TRANSKETO-RXN;1TRANSKETO-RXN	
PPHIGDPK_00528		1			RXN0-6274	
PPHIGDPK_01080		1			RIBOSYLHOMOCYSTEINASE-RXN	
PPHIGDPK_01048		1			RXN-14570	
PPHIGDPK_01486		1			RXN-8976;RXN-11346;NACGLCTRANS-RXN;RXN-11029;RXN-22611;RXN-22615	
PPHIGDPK_01377		1			GLUTAMATESYN-RXN	
PPHIGDPK_00377		1			ABC-27-RXN;RXN-22326	
PPHIGDPK_00805		1			RXN-11833	
PPHIGDPK_00942		1			DTMPKI-RXN	
PPHIGDPK_02022		1			BIOTIN-CARBOXYL-RXN;RXN0-5055	
PPHIGDPK_01088		1			RXN-8801	
PPHIGDPK_00506		1			PGLYCDEHYDROG-RXN	
PPHIGDPK_00394		1			AGMATINE-DEIMINASE-RXN	
PPHIGDPK_00439		1			RIBOPHOSPHAT-RXN	
PPHIGDPK_00994		1			RXN-22608;UDP-NACMURALGLDAPAALIG-RXN;6.3.2.10-RXN	
PPHIGDPK_00041		1			ATPSYN-RXN	
PPHIGDPK_01070		1			2PGADEHYDRAT-RXN	
PPHIGDPK_00523		1			RXN-9952	
PPHIGDPK_02352		1			RXN-21220;3.4.22.40-RXN;RXN-21219	
PPHIGDPK_01944		1			GKI-RXN	
PPHIGDPK_00179		1			GMP-REDUCT-RXN	
PPHIGDPK_02096		1			RXN-1824;RXN-12302	
PPHIGDPK_00214		1			ACETOLACTATE-DECARBOXYLASE-RXN	
PPHIGDPK_00446		1			3.4.13.9-RXN	
PPHIGDPK_01064		1			2.3.1.89-RXN	
PPHIGDPK_00193		1			RXN0-4641	
PPHIGDPK_01673		1			RXN0-6385;RXN0-6359;RXN-19040;THIOSULFATE-SULFURTRANSFERASE-RXN	
PPHIGDPK_01517		1			ACETOLACTATE-DECARBOXYLASE-RXN	
PPHIGDPK_02105		1			RXN0-5052	
PPHIGDPK_01724		1			RXN0-3461	
PPHIGDPK_00630		1			ABC-42-RXN	
PPHIGDPK_00467		1			MANNONDEHYDRAT-RXN	
PPHIGDPK_01284		1			RXN0-1134	
PPHIGDPK_00275		1			LUMAZINESYN-RXN	
PPHIGDPK_02225		1			RXN-16001	
PPHIGDPK_02231		1			AIRS-RXN	
PPHIGDPK_00135		1			2.7.13.3-RXN	
PPHIGDPK_02296		1			TRYPSYN-RXN	
PPHIGDPK_00329		1			FORMATETHFLIG-RXN	
PPHIGDPK_00949		1			RXN-21415;NADH-DEHYDROG-A-RXN	
PPHIGDPK_01373		1			DUTP-PYROP-RXN;DCTP-PYROPHOSPHATASE-RXN	
PPHIGDPK_02378		1			SERINE-O-ACETTRAN-RXN	
PPHIGDPK_00005		1			RIBOPHOSPHAT-RXN	
PPHIGDPK_02221		1			SAICARSYN-RXN	
PPHIGDPK_00692		1			3.5.1.88-RXN;3.5.1.27-RXN	
PPHIGDPK_01973		1			RXN-14455	
PPHIGDPK_00597		1			2.1.1.72-RXN	
PPHIGDPK_00798		1			RIB5PISOM-RXN	
PPHIGDPK_00585		1			3.2.1.156-RXN	
PPHIGDPK_00280		1			5.99.1.3-RXN;5.99.1.2-RXN	
PPHIGDPK_01945		1			3.1.11.6-RXN	
PPHIGDPK_00164		1			HOMOSERDEHYDROG-RXN	
PPHIGDPK_02101		1			AMYLOMALT-RXN;RXN-1828;RXN-12193;RXN-19947;RXN-14261;RXN-9023;RXN-12391;RXN-14354;RXN-14260	
PPHIGDPK_02063		1			RIBOPHOSPHAT-RXN	
PPHIGDPK_01001		1			RXN-16037	
PPHIGDPK_01191		1			ALANINE-AMINOTRANSFERASE-RXN;RXN-13698	
PPHIGDPK_01659		1			RXN-12002	
PPHIGDPK_01003		1			RXN-19387	
PPHIGDPK_01843		1			DNA-DIRECTED-DNA-POLYMERASE-RXN;RXN-20927	
PPHIGDPK_00600		1			RXN0-5114;PSERPHOSPHA-RXN	
PPHIGDPK_00155		1			RXN-9010	
PPHIGDPK_01000		1			RXN-15513	
PPHIGDPK_00759		1			UNDECAPRENYL-DIPHOSPHATASE-RXN	
PPHIGDPK_00905		1			RXN1G-4	
PPHIGDPK_00614		1			PABASYN-RXN	
PPHIGDPK_01521		1			2.1.1.74-RXN	
PPHIGDPK_00908		1			3.1.1.72-RXN	
PPHIGDPK_00249		1			RXN-12472	
PPHIGDPK_01575		1			URACIL-PRIBOSYLTRANS-RXN	
PPHIGDPK_02305		1			TRANS-RXN-324;RXN-8638	
PPHIGDPK_00973		1			NAD-KIN-RXN	
PPHIGDPK_01516		1			THREDEHYD-RXN	
PPHIGDPK_00085		1			3.4.11.4-RXN	
PPHIGDPK_00665		1			TRANS-RXN-194	
PPHIGDPK_01879		1			RXN-11187	
PPHIGDPK_00073		1			DNA-DIRECTED-RNA-POLYMERASE-RXN	
PPHIGDPK_01833		1			RXN-8999	
PPHIGDPK_00833		1			3.4.24.11-RXN	
PPHIGDPK_02318		1			DEOXYRIBOSE-P-ALD-RXN	
PPHIGDPK_01680		1			CARBAMATE-KINASE-RXN	
PPHIGDPK_02003		1			N-ACETYLGLUTPREDUCT-RXN	
PPHIGDPK_00376		1			ABC-27-RXN;RXN-22326	
PPHIGDPK_01987		1			PRPPSYN-RXN	
PPHIGDPK_02006		1			RXN-16285	
PPHIGDPK_02020		1			RXN0-5055;ACETYL-COA-CARBOXYLTRANSFER-RXN	
PPHIGDPK_02026		1			RXN-9540;RXN-9518;RXN-9532;RXN-9528;RXN-9514;RXN-9536;RXN-9633;RXN-16630;RXN-9524;3-OXOACYL-ACP-REDUCT-RXN	
PPHIGDPK_02314		1			PANTOTHENATE-KIN-RXN	
PPHIGDPK_01507		1			2-ISOPROPYLMALATESYN-RXN	
PPHIGDPK_01189		1			6.3.5.6-RXN;6.3.5.7-RXN	
PPHIGDPK_02207		1			RXN-7657;ALCOHOL-DEHYDROG-RXN	
PPHIGDPK_01687		1			UDP-NACMUR-ALA-LIG-RXN	
PPHIGDPK_01655		1			RXN-8668	
PPHIGDPK_00933		1			IPPISOM-RXN	
PPHIGDPK_00203		1			RXN0-4261;RXN-11135	
PPHIGDPK_00557		1			RXN-14047	
PPHIGDPK_00321		1			RXN0-6525;RXN0-7023;RXN0-6479;3.1.13.1-RXN;RXN0-4222;RXN0-6524	
PPHIGDPK_00044		1			ATPSYN-RXN	
PPHIGDPK_00538		1			DNA-DIRECTED-RNA-POLYMERASE-RXN	
PPHIGDPK_02001		1			ACETYLORNTRANSAM-RXN	
PPHIGDPK_00232		1			RXN0-4261;RXN-11135	
PPHIGDPK_02027		1			RXN-20498;MALONYL-COA-ACP-TRANSACYL-RXN;RXN-20490;RXN-20481;RXN185E-16;RXN-20482	
PPHIGDPK_01618		1			PHOSPHAGLYPSYN-RXN	
PPHIGDPK_02073		1			O-SUCCINYLBENZOATE-COA-SYN-RXN	
PPHIGDPK_00227		1			GLYCINE--TRNA-LIGASE-RXN	
PPHIGDPK_02320		1			TRANS-RXN-477	
PPHIGDPK_00566		1			RXN0-5413	
PPHIGDPK_01389		1			FRUCTOKINASE-RXN;RXN-19915	
PPHIGDPK_01518		1			RXN-15127;RXN-15123	
PPHIGDPK_00583		1			3.2.1.131-RXN	
PPHIGDPK_00131		1			TRANS-RXN-2	
PPHIGDPK_01548		1			BIOTINLIG-RXN	
PPHIGDPK_00934		1			PHOSPHOMEVALONATE-KINASE-RXN	
PPHIGDPK_02177		1			GLUCOSAMINE-6-P-DEAMIN-RXN	
PPHIGDPK_00172		1			3.4.21.92-RXN	
PPHIGDPK_02302		1			TEICHOICSYN5-RXN	
PPHIGDPK_00554		1			RXN-22557;RXN-11350;RXN-16650	
PPHIGDPK_00416		1			3.2.1.1-RXN;ALPHA-AMYL-RXN;RXN-1823;RXN0-5181	
PPHIGDPK_01969		1			RXN-16820;RXN0-2023;RXN-18693	
PPHIGDPK_02272		1			FRUCTOKINASE-RXN;RXN-19915	
PPHIGDPK_01982		1			RXN0-6994;RXN0-7002;6-PHOSPHO-BETA-GLUCOSIDASE-RXN;RXN0-5295;RXN0-5297	
PPHIGDPK_01642		1			RXN-11599	
PPHIGDPK_00265		1			L-GLN-FRUCT-6-P-AMINOTRANS-RXN	
PPHIGDPK_01073		1			1.17.4.2-RXN;RXN-21262;RIBONUCLEOSIDE-TRIP-REDUCT-RXN;RXN0-746;RXN-21265;RXN0-723;RXN0-724;RXN-21263;RXN-21264;RXN0-745	
PPHIGDPK_02223		1			FGAMSYN-RXN	
PPHIGDPK_01124		1			IMP-DEHYDROG-RXN	
PPHIGDPK_01247		1			GTPPYPHOSKIN-RXN	
PPHIGDPK_01318		1			RXN-12460;AMINOCYL-TRNA-HYDROLASE-RXN;RXN-16637	
PPHIGDPK_00223		1			NICONUCADENYLYLTRAN-RXN	
PPHIGDPK_00856		1			SPERMACTRAN-RXN;RXN-19536;RXN0-7165;RXN-9939;DIAMACTRANS-RXN;RXN-0	
PPHIGDPK_00944		1			2.7.13.3-RXN	
PPHIGDPK_00964		1			RXN-7572;L-LACTATE-DEHYDROGENASE-RXN	
PPHIGDPK_01169		1			RXN-12039	
PPHIGDPK_01565		1			OROTPDECARB-RXN	
PPHIGDPK_00065		1			RXN-21560;RXN-14385;RXN-22700;RXN-15881;RXN-9787;RXN-20037;RXN-22698;RXN-12588;RXN-21566	
PPHIGDPK_00901		1			PYRAMKIN-RXN;PNKIN-RXN;PYRIDOXKIN-RXN	
PPHIGDPK_00923		1			RXN0-6994;RXN0-7002;6-PHOSPHO-BETA-GLUCOSIDASE-RXN;RXN0-5295;RXN0-5297	
PPHIGDPK_00197		1			RXN-11839;TRNA-PSEUDOURIDINE-SYNTHASE-I-RXN	
PPHIGDPK_00797		1			RXN0-5510	
PPHIGDPK_01630		1			GALACTURIDYLYLTRANS-RXN	
PPHIGDPK_00792		1			6.3.1.12-RXN;RXN-11342;RXN-11344	
PPHIGDPK_01147		1			DTDPDEHYRHAMREDUCT-RXN	
PPHIGDPK_00661		1			RXN-11834	
PPHIGDPK_00357		1			PEPTIDYLPROLYL-ISOMERASE-RXN	
PPHIGDPK_00417		1			3.2.1.10-RXN	
PPHIGDPK_01110		1			RXN0-2584	
PPHIGDPK_02346		1			RXN66-546;PYRROLINECARBREDUCT-RXN	
PPHIGDPK_00351		1			RXN-11032	
PPHIGDPK_01327		1			RXN0-7388	
PPHIGDPK_00017		1			2.5.1.19-RXN	
PPHIGDPK_01161		1			TRANS-RXN-424	
PPHIGDPK_02098		1			GLYCOGENSYN-RXN	
PPHIGDPK_01376		1			DIAMINOPIMDECARB-RXN	
PPHIGDPK_00475		1			RXN0-2461	
PPHIGDPK_01509		1			RXN-13163	
PPHIGDPK_01696		1			3.4.14.11-RXN	
PPHIGDPK_02029		1			2.3.1.180-RXN	
PPHIGDPK_02021		1			RXN0-5055;ACETYL-COA-CARBOXYLTRANSFER-RXN	
PPHIGDPK_00130		1			TRANS-RXN-2	
PPHIGDPK_01049		1			RXN-17860;RXN-17861;RXN-17859;RXN-17862;RXN-17863;RXN-17864	
PPHIGDPK_01781		1			ADENYL-KIN-RXN	
PPHIGDPK_01181		1			5-FORMYL-THF-CYCLO-LIGASE-RXN	
PPHIGDPK_01485		1			UDP-NACMURALA-GLU-LIG-RXN	
PPHIGDPK_01275		1			SUGAR-PHOSPHATASE-RXN	
PPHIGDPK_00646		1			OROTPDECARB-RXN	
PPHIGDPK_02319		1			CYTIDEAM2-RXN;CYTIDEAM-RXN	
PPHIGDPK_00031		1			SHIKIMATE-5-DEHYDROGENASE-RXN	
PPHIGDPK_00053		1			THIAMINASE-RXN;RXN-12613	
PPHIGDPK_00828		1			LYSDECARBOX-RXN;3.6.3.3-RXN	
PPHIGDPK_00015		1			PREPHENATEDEHYDRAT-RXN	
PPHIGDPK_00920		1			DNA-LIGASE-NAD+-RXN	
PPHIGDPK_00776		1			RXN0-4261;RXN-11135	
PPHIGDPK_00916		1			RXN-14338	
PPHIGDPK_01255		1			SPERMACTRAN-RXN;RXN-19536;RXN0-7165;RXN-9939;DIAMACTRANS-RXN;RXN-0	
PPHIGDPK_00226		1			GLYCINE--TRNA-LIGASE-RXN	
PPHIGDPK_00074		1			DNA-DIRECTED-RNA-POLYMERASE-RXN	
PPHIGDPK_01596		1			ADENYLOSUCCINATE-SYNTHASE-RXN	
PPHIGDPK_00483		1			DIHYDRODIPICSYN-RXN	
PPHIGDPK_00051		1			RXN-10837;RXN-9382	
PPHIGDPK_01858		1			3.4.21.89-RXN	
PPHIGDPK_02278		1			DXS-RXN	
PPHIGDPK_01964		1			RXN0-2661	
PPHIGDPK_02299		1			RXN0-6994;RXN0-7002;6-PHOSPHO-BETA-GLUCOSIDASE-RXN;RXN0-5295;RXN0-5297	
PPHIGDPK_00163		1			HOMOSERKIN-RXN	
PPHIGDPK_02023		1			RXN-9520;RXN-16631;4.2.1.58-RXN;RXN-9634;3-HYDROXYDECANOYL-ACP-DEHYDR-RXN;4.2.1.59-RXN;RXN-9655;4.2.1.61-RXN;RXN-9533;RXN-9537	
PPHIGDPK_02127		1			1.5.1.24-RXN	
PPHIGDPK_01150		1			DTDPGLUCDEHYDRAT-RXN	
PPHIGDPK_00732		1			RXN-12303;RXN-19671;RXN0-7386;NQOR-RXN;RXN1YI0-16	
PPHIGDPK_01503		1			GLUTAMIDOTRANS-RXN	
PPHIGDPK_01279		1			TRYPTOPHAN--TRNA-LIGASE-RXN	
PPHIGDPK_00793		1			ASNSYNB-RXN	
PPHIGDPK_02178		1			HYDROXYMETHYLGLUTARYL-COA-SYNTHASE-RXN	
PPHIGDPK_00079		1			TRANS-RXN0-286	
PPHIGDPK_02157		1			3.1.21.3-RXN	
PPHIGDPK_00328		1			3.4.24.11-RXN	
PPHIGDPK_01577		1			RXN-19558;RXN-19552;RXN-19554;RXN-18212;RXN-19556;RXN-19547;RXN-19550;CYSTATHIONINE-BETA-LYASE-RXN;RXN-12729;RXN-19583;RXN-19562;RXN-6763;RXN-19560;S-ALKYLCYSTEINE-LYASE-RXN;RXN-19544	
PPHIGDPK_00788		1			GPH-RXN	
PPHIGDPK_00289		1			RXN0-748;CDPREDUCT-RXN;GDPREDUCT-RXN;RIBONUCLEOSIDE-DIP-REDUCTI-RXN;RXN0-747;RIBONUCLEOSIDE-DIP-REDUCTII-RXN;ADPREDUCT-RXN;RXN0-722;UDPREDUCT-RXN	
PPHIGDPK_00544		1			2PGADEHYDRAT-RXN	
PPHIGDPK_01282		1			RXN-17127;RXN0-5098;RXN0-1141	
PPHIGDPK_02179		1			RXN-12565;ACETYL-COA-ACETYLTRANSFER-RXN	
PPHIGDPK_01842		1			RXN-12480	
PPHIGDPK_02256		1			RXN-22738;ARABISOM-RXN	
PPHIGDPK_00846		1			RXN-12726;ACSERLY-RXN	
PPHIGDPK_00190		1			TRIOSEPISOMERIZATION-RXN	
PPHIGDPK_00436		1			URIDINEKIN-RXN;URKI-RXN;CYTIDINEKIN-RXN;CYTIKIN-RXN	
PPHIGDPK_00170		1			H2NEOPTERINALDOL-RXN;RXN-10857	
PPHIGDPK_00983		1			3.2.2.23-RXN;RXN-18435;RXN-21266	
PPHIGDPK_00564		1			TRANS-RXN-194	
PPHIGDPK_01832		1			CDPDIGLYSYN-RXN;RXN0-5515;RXN-20524	
PPHIGDPK_02261		1			RXN-14900	
PPHIGDPK_00129		1			PENICILLIN-AMIDASE-RXN;RXN-17099	
PPHIGDPK_00343		1			GPH-RXN	
PPHIGDPK_01959		1			RXN-6702	
PPHIGDPK_02213		1			THYMIDYLATESYN-RXN	
PPHIGDPK_00161		1			UDPNACETYLMURAMATEDEHYDROG-RXN	
PPHIGDPK_00352		1			L-IDITOL-2-DEHYDROGENASE-RXN;RXN-7644	
PPHIGDPK_01985		1			LEUCINE--TRNA-LIGASE-RXN	
PPHIGDPK_01543		1			RXN-19916;SEDOBISALDOL-RXN;F16ALDOLASE-RXN;RXN-8631	
PPHIGDPK_01496		1			ATPPHOSPHORIBOSYLTRANS-RXN	
PPHIGDPK_00635		1			6PFRUCTPHOS-RXN	
PPHIGDPK_00363		1			RXN-22557;RXN-11350;RXN-16650	
PPHIGDPK_00514		1			RXN-17874;RXN-17878;3.4.11.18-RXN;RXN-17875;RXN-17873;RXN-17876;RXN-17877	
PPHIGDPK_00602		1			RIBOPHOSPHAT-RXN	
PPHIGDPK_00691		1			GAPOXNPHOSPHN-RXN	
PPHIGDPK_01895		1			RXN-15158;RXN-15085;RXN-15159	
PPHIGDPK_01354		1			RXN-12610;THI-P-SYN-RXN;RXN-12611	
PPHIGDPK_00909		1			BETA-PHOSPHOGLUCOMUTASE-RXN	
PPHIGDPK_01976		1			THREDEHYD-RXN;4.3.1.17-RXN	
PPHIGDPK_00615		1			PABASYN-RXN	
PPHIGDPK_00146		1			5.1.3.9-RXN;NANE-RXN	
PPHIGDPK_02086		1			TRANS-RXN-220;RXN-22384;RXN-22383;RXN-20868;3.6.3.44-RXN;TRANS-RXN-366	
PPHIGDPK_00166		1			RXN-6341;FORMYLTHFGLUSYNTH-RXN;RXN0-2921;FOLYLPOLYGLUTAMATESYNTH-RXN;DIHYDROFOLATESYNTH-RXN	
PPHIGDPK_02381		1			3.1.26.3-RXN	
PPHIGDPK_01310		1			HYPOXANPRIBOSYLTRAN-RXN;GUANPRIBOSYLTRAN-RXN	
PPHIGDPK_00308		1			OLEATE-HYDRATASE-RXN	
PPHIGDPK_00550		1			PYRUVFORMLY-RXN	
PPHIGDPK_02279		1			RXN-16003	
PPHIGDPK_01629		1			GALACTOACETYLTRAN-RXN	
PPHIGDPK_00559		1			3.4.21.92-RXN	
PPHIGDPK_01502		1			PRIBFAICARPISOM-RXN	
PPHIGDPK_01881		1			RXN-22389;3.6.3.16-RXN;RXN-22366	
PPHIGDPK_00950		1			PHENYLALANINE--TRNA-LIGASE-RXN	
PPHIGDPK_01672		1			HEXOKINASE-RXN;GLUCOKIN-RXN	
PPHIGDPK_01850		1			2.8.1.6-RXN	
PPHIGDPK_02315		1			RXN-11576	
PPHIGDPK_01999		1			ORNCARBAMTRANSFER-RXN	
PPHIGDPK_02097		1			RXN-9025;GLYCOPHOSPHORYL-RXN	
PPHIGDPK_01494		1			HISTAMINOTRANS-RXN	
PPHIGDPK_02249		1			3.2.1.37-RXN	
PPHIGDPK_01967		1			URA-PHOSPH-RXN;URPHOS-RXN	
PPHIGDPK_02291		1			PRTRANS-RXN	
PPHIGDPK_02271		1			BETA-GLUCOSIDE-KINASE-RXN	
PPHIGDPK_00775		1			RXN0-4261;RXN-11135	
PPHIGDPK_00995		1			DALADALALIG-RXN	
PPHIGDPK_01074		1			3.2.1.17-RXN	
PPHIGDPK_02109		1			RXN-19729;RXN-19727;RXN-19726;RXN-19728;RXN-15041	
PPHIGDPK_01505		1			HISTIDPHOS-RXN	
PPHIGDPK_01566		1			DTMPKI-RXN	
PPHIGDPK_02094		1			RXN-6883;RXN-20992;RXN0-5266	
PPHIGDPK_00183		1			RXN0-1081;RXN-13997	
PPHIGDPK_02273		1			GMP-SYN-GLUT-RXN	
PPHIGDPK_00293		1			RXN0-5038	
PPHIGDPK_01585		1			RIBULP3EPIM-RXN;RXN-22715	
PPHIGDPK_00674		1			RXN-982	
PPHIGDPK_02380		1			CYSTEINE--TRNA-LIGASE-RXN	
PPHIGDPK_02372		1			RXN-21560;RXN-14385;RXN-22700;RXN-15881;RXN-9787;RXN-20037;RXN-22698;RXN-12588;RXN-21566	
PPHIGDPK_01128		1			GALPMUT-RXN	
PPHIGDPK_01221		1			3.1.26.5-RXN;RXN0-6480	
PPHIGDPK_01276		1			RXN-9590	
PPHIGDPK_02064		1			ASPARAGHYD-RXN	
PPHIGDPK_00707		1			RXN-13459;RXN-8529;RXN-10245	
PPHIGDPK_01851		1			RXN-11638	
PPHIGDPK_02121		1			1.5.1.24-RXN	
PPHIGDPK_00745		1			6PGLUCONOLACT-RXN	
PPHIGDPK_00974		1			GDPPYPHOSKIN-RXN;GTPPYPHOSKIN-RXN	
PPHIGDPK_01943		1			GPPSYN-RXN;FPPSYN-RXN	
PPHIGDPK_00935		1			HOMOSERKIN-RXN	
PPHIGDPK_00080		1			6.3.2.7-RXN	
PPHIGDPK_02255		1			RIBULPEPIM-RXN	
PPHIGDPK_00835		1			PEPTIDYLPROLYL-ISOMERASE-RXN	
PPHIGDPK_00837		1			UDPNACETYLGLUCOSAMENOLPYRTRANS-RXN	
PPHIGDPK_02323		1			2.7.13.3-RXN	
PPHIGDPK_01977		1			THREDEHYD-RXN;4.3.1.17-RXN	
PPHIGDPK_00505		1			PSERTRANSAM-RXN;PSERTRANSAMPYR-RXN	
PPHIGDPK_01269		1			RXN-16003	
PPHIGDPK_01148		1			RXN8J2-1	
PPHIGDPK_00662		1			CARBPSYN-RXN	
PPHIGDPK_00971		1			PEPTIDYLPROLYL-ISOMERASE-RXN	
PPHIGDPK_00126		1			RXN0-7388;RXN0-4261;RXN-11135	
PPHIGDPK_01778		1			3.4.21.88-RXN	
PPHIGDPK_02222		1			FGAMSYN-RXN	
PPHIGDPK_00014		1			RXN0-5114;PSERPHOSPHA-RXN	
PPHIGDPK_00026		1			CHORISMATE-SYNTHASE-RXN	
PPHIGDPK_00253		1			DIHYDROOROT-RXN	
PPHIGDPK_01500		1			KANAMYCIN-KINASE-RXN	
PPHIGDPK_01635		1			RXN0-5410	
PPHIGDPK_01050		1			RXN-17860;RXN-17861;RXN-17859;RXN-17862;RXN-17863;RXN-17864	
PPHIGDPK_00282		1			DNA-DIRECTED-DNA-POLYMERASE-RXN;RXN-20927;RXN0-4961	
PPHIGDPK_01062		1			RXN-11290	
PPHIGDPK_00054		1			BIOTINLIG-RXN	
PPHIGDPK_02070		1			RXN-9310	
PPHIGDPK_01681		1			CARBAMATE-KINASE-RXN	
PPHIGDPK_00789		1			DISULFOXRED-RXN	
PPHIGDPK_00215		1			RXN-22608;UDP-NACMURALGLDAPAALIG-RXN;6.3.2.10-RXN	
PPHIGDPK_00624		1			2-DEHYDROPANTOATE-REDUCT-RXN;RXN-22913	
PPHIGDPK_00629		1			RXN-11573	
PPHIGDPK_01520		1			5.99.1.2-RXN	
PPHIGDPK_00473		1			KDPGALDOL-RXN	
PPHIGDPK_00448		1			1.18.1.2-RXN	
PPHIGDPK_01166		1			RXN-13853	
PPHIGDPK_00369		1			ALANINE--TRNA-LIGASE-RXN	
PPHIGDPK_00457		1			RIBOKIN-RXN	
PPHIGDPK_01145		1			RXN-16325	
PPHIGDPK_01188		1			6.3.5.6-RXN;6.3.5.7-RXN	
PPHIGDPK_00781		1			RXN0-5289;TSA-REDUCT-RXN	
PPHIGDPK_01829		1			RXN-21415;NADH-DEHYDROG-A-RXN	
PPHIGDPK_01401		1			GLUTSEMIALDEHYDROG-RXN	
PPHIGDPK_02071		1			NAPHTHOATE-SYN-RXN	
PPHIGDPK_00043		1			ATPSYN-RXN	
PPHIGDPK_02072		1			O-SUCCINYLBENZOATE-COA-LIG-RXN	
PPHIGDPK_00039		1			ATPSYN-RXN	
PPHIGDPK_00936		1			RXN-11364	
PPHIGDPK_00815		1			RXN-21950;1.2.1.42-RXN;RXN-14169	
PPHIGDPK_00471		1			GLUCUROISOM-RXN;GALACTUROISOM-RXN	
PPHIGDPK_00165		1			DEOXYGUANOSINE-KINASE-RXN	
PPHIGDPK_01830		1			PROLINE--TRNA-LIGASE-RXN	
PPHIGDPK_02247		1			5.1.3.21-RXN	
PPHIGDPK_01326		1			RXN0-7388	
PPHIGDPK_00359		1			2.7.13.3-RXN	
PPHIGDPK_00414		1			3.2.1.70-RXN	
PPHIGDPK_01605		1			RXN-18357;DIHYDROFOLATEREDUCT-RXN;RXN-22709;RXN-19329	
PPHIGDPK_02236		1			HYPOXANPRIBOSYLTRAN-RXN;GUANPRIBOSYLTRAN-RXN	
PPHIGDPK_01125		1			3.2.1.17-RXN	
PPHIGDPK_01239		1			RXN0-5375	
PPHIGDPK_00181		1			SUGAR-PHOSPHATASE-RXN	
PPHIGDPK_00891		1			DEOXYGUANOSINE-KINASE-RXN	
PPHIGDPK_00175		1			RXN-11860;RXN-11865	
PPHIGDPK_01513		1			ACETOOHBUTSYN-RXN;ACETOLACTSYN-RXN	
PPHIGDPK_01853		1			RXN-16649;RXN-11351;RXN-16659	
PPHIGDPK_00422		1			DXS-RXN	
PPHIGDPK_00189		1			PENICILLIN-AMIDASE-RXN;RXN-17099	
PPHIGDPK_00277		1			RIBOFLAVIN-SYN-RXN	
PPHIGDPK_02016		1			RXN0-6385;RXN0-6359;RXN-19040;THIOSULFATE-SULFURTRANSFERASE-RXN	
PPHIGDPK_02139		1			PEPTIDYLPROLYL-ISOMERASE-RXN	
PPHIGDPK_01224		1			RXN-22;ARGSUCCINLYA-RXN	
PPHIGDPK_00168		1			H2PTEROATESYNTH-RXN	
PPHIGDPK_01827		1			DNA-DIRECTED-DNA-POLYMERASE-RXN;RXN-20927;RXN0-4961	
PPHIGDPK_01180		1			3.4.21.105-RXN	
PPHIGDPK_02226		1			PRPPAMIDOTRANS-RXN	
PPHIGDPK_01676		1			DNA-DIRECTED-DNA-POLYMERASE-RXN;RXN-20927;RXN0-4961	
PPHIGDPK_00888		1			DNA-DIRECTED-DNA-POLYMERASE-RXN;RXN-20927	
PPHIGDPK_00472		1			DEOXYGLUCONOKIN-RXN	
PPHIGDPK_01311		1			RXN-1961	
PPHIGDPK_01594		1			RXN-12309;3.2.1.14-RXN	
PPHIGDPK_00741		1			RXN-20179;RXN-20178	
PPHIGDPK_02293		1			PRAISOM-RXN	
PPHIGDPK_00415		1			GALACTOACETYLTRAN-RXN	
PPHIGDPK_00060		1			RXN-9540;RXN-9518;RXN-9532;RXN-9528;RXN-9514;RXN-9536;RXN-9633;RXN-16630;RXN-9524;3-OXOACYL-ACP-REDUCT-RXN	
PPHIGDPK_02009		1			3.1.11.2-RXN	
PPHIGDPK_02350		1			METHYLTHIOADENOSINE-NUCLEOSIDASE-RXN;RXN0-6550;ADENOSYLHOMOCYSTEINE-NUCLEOSIDASE-RXN	
PPHIGDPK_00323		1			THIOREDOXIN-REDUCT-NADPH-RXN	
PPHIGDPK_02019		1			RXN-19558;RXN-19552;RXN-19554;RXN-18212;RXN-19556;RXN-19547;RXN-19550;CYSTATHIONINE-BETA-LYASE-RXN;RXN-12729;RXN-19583;RXN-19562;RXN-6763;RXN-19560;S-ALKYLCYSTEINE-LYASE-RXN;RXN-19544	
PPHIGDPK_02066		1			INORGPYROPHOSPHAT-RXN	
PPHIGDPK_01504		1			HISTCYCLOHYD-RXN	
PPHIGDPK_02068		1			ISOCHORSYN-RXN	
PPHIGDPK_01815		1			RXN-11838	
PPHIGDPK_00254		1			OROPRIBTRANS-RXN	
PPHIGDPK_00042		1			ATPSYN-RXN	
PPHIGDPK_00967		1			LYSINE--TRNA-LIGASE-RXN	
PPHIGDPK_02031		1			MANNPISOM-RXN	
PPHIGDPK_02065		1			3.1.13.3-RXN	
PPHIGDPK_00606		1			4.1.1.74-RXN	
PPHIGDPK_00273		1			RXN-11834;RXN-11836;RXN-11837;RXN-11842;RXN-11835;RXN-11838	
PPHIGDPK_00077		1			3.4.24.11-RXN	
PPHIGDPK_00124		1			RXN-13697;RXN-11737;ASPAMINOTRANS-RXN;RXN-10814;TRYPTOPHAN-AMINOTRANSFERASE-RXN;TYROSINE-AMINOTRANSFERASE-RXN	
PPHIGDPK_02265		1			RXN-12626;3.2.1.52-RXN;RXN-22612;RXN-12625;RXN0-5226;RXN-21432;RXN-18082;RXN-22591	
PPHIGDPK_01186		1			6.3.5.6-RXN;6.3.5.7-RXN	
PPHIGDPK_00791		1			ASPARTATE-RACEMASE-RXN	
PPHIGDPK_00574		1			3.1.26.4-RXN	
PPHIGDPK_01072		1			RNTRACTIV-RXN	
PPHIGDPK_01283		1			RXN0-1134	
PPHIGDPK_00556		1			2-METHYLCITRATE-SYNTHASE-RXN	
PPHIGDPK_01309		1			RXN-21299	
PPHIGDPK_01344		1			DAHPSYN-RXN	
PPHIGDPK_01281		1			RXN-14160;GLYCPDIESTER-RXN;RXN-20557;RXN-14073;RXN-20556;RXN-14136	
PPHIGDPK_01143		1			3.6.3.40-RXN;TRANS-RXN-314;TRANS-RXN-321;RXN-18029;RXN-18028	
PPHIGDPK_00459		1			ABC-42-RXN	
PPHIGDPK_00734		1			PGLUCISOM-RXN	
PPHIGDPK_02132		1			3.4.24.11-RXN	
PPHIGDPK_02014		1			COA-DISULFIDE-REDUCTASE-NADH-RXN	
PPHIGDPK_01345		1			1.5.1.20-RXN	
PPHIGDPK_01090		1			F16BDEPHOS-RXN	
PPHIGDPK_01627		1			UDPGLUCEPIM-RXN	
PPHIGDPK_00588		1			TRANS-RXN-477	
PPHIGDPK_01165		1			TRANS-PENTAPRENYLTRANSFERASE-RXN	
PPHIGDPK_01508		1			RXNQT-4165;RXNQT-4171;RXNQT-4178;RXN-14986;RXN-13158;RXNQT-4174;RXNQT-4168	
PPHIGDPK_00910		1			2.4.1.216-RXN	
PPHIGDPK_00831		1			PROTEIN-TYROSINE-PHOSPHATASE-RXN	
PPHIGDPK_02194		1			TRNA-CYTIDYLYLTRANSFERASE-RXN	
PPHIGDPK_00529		1			GALACTURIDYLYLTRANS-RXN	
PPHIGDPK_00502		1			RXN-14569	
PPHIGDPK_00353		1			RXN-22557;RXN-11350;RXN-16650	
PPHIGDPK_00368		1			PEPTIDYLPROLYL-ISOMERASE-RXN	
PPHIGDPK_02246		1			XYLULOKIN-RXN	
PPHIGDPK_00752		1			RXN-3341	
PPHIGDPK_00755		1			RXN0-5038	
PPHIGDPK_00751		1			XYLULOKIN-RXN	
PPHIGDPK_02376		1			2.7.7.8-RXN	
PPHIGDPK_01946		1			3.1.11.6-RXN	
PPHIGDPK_01387		1			RXN-22587;RXN-9985;3.2.1.48-RXN;3.2.1.26-RXN	
PPHIGDPK_01352		1			RXN-18014;6.1.1.13-RXN	
PPHIGDPK_00917		1			PYRUFLAVREDUCT-RXN;PYFLAVOXRE-RXN	
NDNNOAAD_00754			1			RXN-12472
NDNNOAAD_00896			1			DIACYLGLYKIN-RXN
NDNNOAAD_00786			1			DIAMINOPIMDECARB-RXN
NDNNOAAD_00852			1			GLUC1PURIDYLTRANS-RXN
NDNNOAAD_00649			1			RXN-21299
NDNNOAAD_00635			1			3.4.21.107-RXN
NDNNOAAD_00719			1			RXN-11598
NDNNOAAD_00744			1			URIDINEKIN-RXN;URKI-RXN;CYTIDINEKIN-RXN;CYTIKIN-RXN
NDNNOAAD_00790			1			DUTP-PYROP-RXN;DCTP-PYROPHOSPHATASE-RXN
NDNNOAAD_01399			1			RXN-15165;TRANS-RXN-167A;RXN-15087;RXN-15162;RXN-15164;TRANS-RXN-165
NDNNOAAD_00836			1			VALINE--TRNA-LIGASE-RXN
NDNNOAAD_00425			1			2.7.10.1-RXN
NDNNOAAD_01530			1			RXN0-6385;RXN0-6359;RXN-19040;THIOSULFATE-SULFURTRANSFERASE-RXN
NDNNOAAD_00542			1			RXN-18388
NDNNOAAD_00351			1			RXN-11633
NDNNOAAD_01120			1			PEPCARBOX-RXN
NDNNOAAD_00654			1			ACETOOHBUTSYN-RXN;ACETOLACTSYN-RXN
NDNNOAAD_00820			1			RXN-11637
NDNNOAAD_00851			1			GLYC3PDEHYDROGBIOSYN-RXN
NDNNOAAD_01614			1			RXN0-6274
NDNNOAAD_01683			1			RXN-11839;TRNA-PSEUDOURIDINE-SYNTHASE-I-RXN
NDNNOAAD_01200			1			RXN66-546;PYRROLINECARBREDUCT-RXN
NDNNOAAD_00940			1			RXN-22608;UDP-NACMURALGLDAPAALIG-RXN;6.3.2.10-RXN
NDNNOAAD_00833			1			ATPSYN-RXN
NDNNOAAD_00590			1			METHIONINE--TRNA-LIGASE-RXN;RXN-16165
NDNNOAAD_01527			1			RXN-12093
NDNNOAAD_01641			1			RXN0-4261;RXN-11135
NDNNOAAD_00394			1			RXN0-5021
NDNNOAAD_01221			1			RXN-8975;RXN-11028;PHOSNACMURPENTATRANS-RXN;RXN-22610;RXN-11347
NDNNOAAD_00933			1			ACETOOHBUTSYN-RXN;ACETOLACTSYN-RXN
NDNNOAAD_01149			1			RXN-10659;RXN0-2142;RXN-10655;RXN-16622;RXN-16630;RXN-16616;RXN-16626;3-OXOACYL-ACP-REDUCT-RXN
NDNNOAAD_01397			1			RIBOPHOSPHAT-RXN
NDNNOAAD_00376			1			ATPASE-RXN;RXN0-4261;RXN-11135
NDNNOAAD_01291			1			RXN0-20
NDNNOAAD_01526			1			RXN0-5507
NDNNOAAD_00556			1			6.3.5.6-RXN;6.3.5.7-RXN
NDNNOAAD_01008			1			TRYPSYN-RXN
NDNNOAAD_00403			1			UROCANATE-HYDRATASE-RXN
NDNNOAAD_01767			1			RXN1G-4
NDNNOAAD_00562			1			RXN0-5462
NDNNOAAD_00158			1			3.4.21.92-RXN
NDNNOAAD_00519			1			3.5.1.88-RXN;3.5.1.27-RXN
NDNNOAAD_00350			1			3.1.26.8-RXN
NDNNOAAD_00444			1			RXN-18014;6.1.1.13-RXN
NDNNOAAD_00526			1			RXN-14014
NDNNOAAD_01723			1			RXN-18684
NDNNOAAD_01690			1			PRPPAMIDOTRANS-RXN
NDNNOAAD_01147			1			ACETYL-COA-CARBOXYLTRANSFER-RXN
NDNNOAAD_01638			1			PROTEIN-TYROSINE-PHOSPHATASE-RXN
NDNNOAAD_00413			1			CARDIOLIPSYN-RXN;RXN0-7012;RXN-8141
NDNNOAAD_01045			1			RXN-1381
NDNNOAAD_00823			1			DNA-DIRECTED-DNA-POLYMERASE-RXN;RXN-20927
NDNNOAAD_01111			1			GDPPYPHOSKIN-RXN;GTPPYPHOSKIN-RXN
NDNNOAAD_00506			1			CYTIDEAM2-RXN;CYTIDEAM-RXN
NDNNOAAD_00854			1			5-FORMYL-THF-CYCLO-LIGASE-RXN
NDNNOAAD_00439			1			RXN0-7388
NDNNOAAD_00038			1			2.7.10.1-RXN
NDNNOAAD_00883			1			RXN-15733;H2PTERIDINEPYROPHOSPHOKIN-RXN
NDNNOAAD_01169			1			PHENYLALANINE--TRNA-LIGASE-RXN
NDNNOAAD_01166			1			DIHYDRODIPICSYN-RXN
NDNNOAAD_00907			1			RXN-11032
NDNNOAAD_00655			1			DIHYDROXYISOVALDEHYDRAT-RXN;DIHYDROXYMETVALDEHYDRAT-RXN
NDNNOAAD_00992			1			CDPDIGLYSYN-RXN;RXN0-5515;RXN-20524
NDNNOAAD_00755			1			GTP-CYCLOHYDRO-I-RXN
NDNNOAAD_00541			1			RXN-21560;RXN-14385;RXN-22700;RXN-15881;RXN-9787;RXN-20037;RXN-22698;RXN-12588;RXN-21566
NDNNOAAD_01137			1			RXN-22497;AICARSYN-RXN;AMPSYN-RXN
NDNNOAAD_01357			1			CARBPSYN-RXN
NDNNOAAD_00019			1			N-ACETYLTRANSFER-RXN;GLUTAMATE-N-ACETYLTRANSFERASE-RXN
NDNNOAAD_00274			1			RXN0-5038
NDNNOAAD_01367			1			IMP-DEHYDROG-RXN
NDNNOAAD_01750			1			DNA-DIRECTED-DNA-POLYMERASE-RXN;RXN-20927;RXN0-4961
NDNNOAAD_00712			1			GTPPYPHOSKIN-RXN
NDNNOAAD_00943			1			RXN-12480
NDNNOAAD_00257			1			HISTCYCLOHYD-RXN
NDNNOAAD_00275			1			RXN-12104
NDNNOAAD_00159			1			UDPGLUCEPIM-RXN
NDNNOAAD_00996			1			PGLUCISOM-RXN
NDNNOAAD_00917			1			5.99.1.2-RXN
NDNNOAAD_00716			1			RXN-14090;CYCPHOSDIESTER-RXN;RXN-14113;RXN-14126;RXN-14064;3-NUCLEOTID-RXN;RXN-14115;RXN-14112;RXN-14124;RXN-14091
NDNNOAAD_01109			1			RXN-11834;RXN-11836;RXN-11837;RXN-11842;RXN-11835;RXN-11838
NDNNOAAD_01309			1			RXN-16649;RXN-16659
NDNNOAAD_00652			1			ACETOOHBUTREDUCTOISOM-RXN;ACETOLACTREDUCTOISOM-RXN
NDNNOAAD_00758			1			DTDPGLUCOSEPP-RXN
NDNNOAAD_01201			1			RXN-16194;3.4.11.7-RXN;RXN-16201;RXN-16190
NDNNOAAD_00551			1			GALACTOKIN-RXN
NDNNOAAD_00869			1			2.1.1.63-RXN;RXN-17824
NDNNOAAD_01326			1			GLYRIBONUCSYN-RXN
NDNNOAAD_00419			1			GLUTDECARBOX-RXN
NDNNOAAD_01013			1			ANTHRANSYN-RXN
NDNNOAAD_00829			1			ATPSYN-RXN
NDNNOAAD_00017			1			ACETYLORNTRANSAM-RXN
NDNNOAAD_00612			1			RXN-16820;RXN0-2023;RXN-18693
NDNNOAAD_00161			1			UDPNACETYLGLUCOSAMENOLPYRTRANS-RXN
NDNNOAAD_01490			1			RXN0-5223
NDNNOAAD_01543			1			GALACTOKIN-RXN
NDNNOAAD_01136			1			ARGININE--TRNA-LIGASE-RXN
NDNNOAAD_00976			1			RXN-13853
NDNNOAAD_00920			1			RXN0-7388
NDNNOAAD_00143			1			2.4.1.208-RXN
NDNNOAAD_00144			1			2.4.1.157-RXN
NDNNOAAD_01562			1			GLYCINE--TRNA-LIGASE-RXN
NDNNOAAD_01692			1			SAICARSYN-RXN
NDNNOAAD_00961			1			RXN-9025;GLYCOPHOSPHORYL-RXN
NDNNOAAD_00223			1			1.18.1.2-RXN
NDNNOAAD_00667			1			3.4.24.11-RXN
NDNNOAAD_00903			1			UDPNACETYLGLUCOSAMENOLPYRTRANS-RXN
NDNNOAAD_01406			1			2.5.1.19-RXN
NDNNOAAD_00231			1			TEICHOICSYN5-RXN
NDNNOAAD_00561			1			INORGPYROPHOSPHAT-RXN
NDNNOAAD_01609			1			S-ADENMETSYN-RXN
NDNNOAAD_01524			1			RXN0-4022
NDNNOAAD_01506			1			1.17.4.2-RXN;RXN-21262;RIBONUCLEOSIDE-TRIP-REDUCT-RXN;RXN0-746;RXN-21265;RXN0-723;RXN0-724;RXN-21263;RXN-21264;RXN0-745
NDNNOAAD_00843			1			DUTP-PYROP-RXN
NDNNOAAD_01625			1			3.1.1.73-RXN
NDNNOAAD_00180			1			TRNA-PSEUDOURIDINE-SYNTHASE-I-RXN
NDNNOAAD_01760			1			RXN0-5063
NDNNOAAD_00369			1			GALPMUT-RXN
NDNNOAAD_00726			1			PEPTIDYLPROLYL-ISOMERASE-RXN
NDNNOAAD_01758			1			PANTEPADENYLYLTRAN-RXN
NDNNOAAD_01440			1			RXN0-6727;RXN-13141
NDNNOAAD_01525			1			RXN0-6575
NDNNOAAD_00198			1			RXN-11714
NDNNOAAD_00757			1			RXN-13067
NDNNOAAD_01503			1			RNTRACTIV-RXN
NDNNOAAD_01678			1			RXN-11593
NDNNOAAD_00910			1			GDPKIN-RXN;UDPKIN-RXN;DADPKIN-RXN;DCDPKIN-RXN;DGDPKIN-RXN;DTDPKIN-RXN;DUDPKIN-RXN;CDPKIN-RXN
NDNNOAAD_01195			1			ACETATEKIN-RXN;PROPKIN-RXN
NDNNOAAD_00752			1			5.4.2.10-RXN
NDNNOAAD_01218			1			RXN-12039
NDNNOAAD_00934			1			ACETOLACTATE-DECARBOXYLASE-RXN
NDNNOAAD_00998			1			RXN-14475
NDNNOAAD_01405			1			SHIKIMATE-KINASE-RXN
NDNNOAAD_00267			1			OROTATE-REDUCTASE-NADH-RXN
NDNNOAAD_01033			1			RXN-11297
NDNNOAAD_01428			1			RXN0-6525;RXN0-7023;RXN0-6479;3.1.13.1-RXN;RXN0-4222;RXN0-6524
NDNNOAAD_01441			1			RIB5PISOM-RXN
NDNNOAAD_00743			1			RXN-11109
NDNNOAAD_00224			1			DIHYDROXYISOVALDEHYDRAT-RXN;DIHYDROXYMETVALDEHYDRAT-RXN
NDNNOAAD_01017			1			RXN0-6727;RXN-13141
NDNNOAAD_01766			1			RXN-13459;RXN-8529;RXN-10245
NDNNOAAD_00272			1			TRANS-RXN-194
NDNNOAAD_00682			1			RXN-22498;GUANYL-KIN-RXN
NDNNOAAD_01048			1			MMUM-RXN;HOMOCYSTEINE-S-METHYLTRANSFERASE-RXN
NDNNOAAD_01355			1			RXN0-6731
NDNNOAAD_01414			1			RXN-11602
NDNNOAAD_01344			1			RXN-11600
NDNNOAAD_00258			1			GLUTAMIDOTRANS-RXN
NDNNOAAD_01148			1			RXN-16625;RXN-10654;3-OXOACYL-ACP-SYNTH-RXN;RXN0-2141;RXN-10658;RXN-16621;RXN-16629;RXN-16615
NDNNOAAD_00514			1			2.7.13.3-RXN
NDNNOAAD_00190			1			RXN-11578
NDNNOAAD_00539			1			GLUTATHIONE-REDUCT-NADPH-RXN
NDNNOAAD_01691			1			FGAMSYN-RXN
NDNNOAAD_01574			1			RXN-8668
NDNNOAAD_00290			1			UDPGLUCEPIM-RXN
NDNNOAAD_00737			1			RXN-21228;CITSYN-RXN;2-METHYLCITRATE-SYNTHASE-RXN
NDNNOAAD_00775			1			RXN0-4261;RXN-11135
NDNNOAAD_01450			1			RXN-16650
NDNNOAAD_00651			1			TYROSINE--TRNA-LIGASE-RXN
NDNNOAAD_01533			1			RXN-18666
NDNNOAAD_00217			1			RXN0-4121
NDNNOAAD_01590			1			RXN0-5462
NDNNOAAD_00968			1			THREDEHYD-RXN;4.3.1.17-RXN
NDNNOAAD_01394			1			RXN1G-4
NDNNOAAD_00625			1			IMP-DEHYDROG-RXN
NDNNOAAD_00800			1			RXN-11860;RXN-11865
NDNNOAAD_01583			1			UDP-NACMURALA-GLU-LIG-RXN
NDNNOAAD_00431			1			RIBOPHOSPHAT-RXN
NDNNOAAD_00863			1			5.99.1.3-RXN
NDNNOAAD_00481			1			RXN0-1081;RXN-13997
NDNNOAAD_00176			1			RXN-21077;RXN-21072
NDNNOAAD_01669			1			DNA-DIRECTED-RNA-POLYMERASE-RXN
NDNNOAAD_01259			1			RXN-1824;RXN-12302
NDNNOAAD_00931			1			RXN-12515
NDNNOAAD_00453			1			RXN-14569
NDNNOAAD_01059			1			RXN-22497;AICARSYN-RXN;AMPSYN-RXN
NDNNOAAD_01064			1			HYPOXANPRIBOSYLTRAN-RXN;XANPRIBOSYLTRAN-RXN;GUANPRIBOSYLTRAN-RXN
NDNNOAAD_00626			1			TRYPTOPHAN--TRNA-LIGASE-RXN
NDNNOAAD_00377			1			LYSINE--TRNA-LIGASE-RXN
NDNNOAAD_00711			1			RXN-19729;RXN-19727;RXN-19726;RXN-19728;RXN-15041
NDNNOAAD_01127			1			RXN0-4261;RXN-11135
NDNNOAAD_00303			1			RXN-22;ARGSUCCINLYA-RXN
NDNNOAAD_00194			1			2TRANSKETO-RXN;1TRANSKETO-RXN
NDNNOAAD_01457			1			HOMSUCTRAN-RXN
NDNNOAAD_00734			1			RXN0-748;CDPREDUCT-RXN;GDPREDUCT-RXN;RIBONUCLEOSIDE-DIP-REDUCTI-RXN;RXN0-747;RIBONUCLEOSIDE-DIP-REDUCTII-RXN;ADPREDUCT-RXN;RXN0-722;UDPREDUCT-RXN
NDNNOAAD_00839			1			RXN0-5224
NDNNOAAD_00540			1			RXN-6341;FORMYLTHFGLUSYNTH-RXN;RXN0-2921;FOLYLPOLYGLUTAMATESYNTH-RXN;DIHYDROFOLATESYNTH-RXN
NDNNOAAD_00900			1			RXN-17874;RXN-17878;3.4.11.18-RXN;RXN-17875;RXN-17873;RXN-17876;RXN-17877
NDNNOAAD_00835			1			ATPSYN-RXN
NDNNOAAD_00870			1			GLYCERATE-DEHYDROGENASE-RXN;RXN0-300;HYDROXYPYRUVATE-REDUCTASE-RXN
NDNNOAAD_01140			1			RXN0-743
NDNNOAAD_01409			1			PREPHENATEDEHYDROG-RXN
NDNNOAAD_01110			1			NAD-KIN-RXN
NDNNOAAD_00647			1			RXN-1961
NDNNOAAD_00155			1			THYMIDYLATESYN-RXN
NDNNOAAD_00302			1			3.1.26.5-RXN;RXN0-6480
NDNNOAAD_00688			1			PROTEIN-KINASE-RXN
NDNNOAAD_00030			1			TRANS-RXN-194
NDNNOAAD_00749			1			RXN-22608;UDP-NACMURALGLDAPAALIG-RXN;6.3.2.10-RXN
NDNNOAAD_01267			1			RXN-11836
NDNNOAAD_01745			1			RXN-16649;RXN-16659
NDNNOAAD_00709			1			3.2.1.11-RXN
NDNNOAAD_00913			1			2.1.1.74-RXN
NDNNOAAD_01379			1			RXN-19558;RXN-19552;RXN-19554;RXN-18212;RXN-19556;RXN-19547;RXN-19550;CYSTATHIONINE-BETA-LYASE-RXN;RXN-12729;RXN-19583;RXN-19562;RXN-6763;RXN-19560;S-ALKYLCYSTEINE-LYASE-RXN;RXN-19544
NDNNOAAD_00046			1			RXN-14636
NDNNOAAD_00022			1			RXN-13072
NDNNOAAD_00247			1			INOPHOSPHOR-RXN;DEOXYINOPHOSPHOR-RXN;RXN0-5199;DEOXYADENPHOSPHOR-RXN;XANTHOSINEPHOSPHORY-RXN;DEOXYGUANPHOSPHOR-RXN;ADENPHOSPHOR-RXN
NDNNOAAD_01448			1			RXN-17393;RXN-17392;RXN0-5190;RXN-17391
NDNNOAAD_01547			1			RXN-17362
NDNNOAAD_00442			1			RXN-12798
NDNNOAAD_01269			1			ALANINE-DEHYDROGENASE-RXN
NDNNOAAD_01170			1			SPERMACTRAN-RXN;RXN-19536;RXN0-7165;RXN-9939;DIAMACTRANS-RXN;RXN-0
NDNNOAAD_01181			1			RXN-21415;NADH-DEHYDROG-A-RXN
NDNNOAAD_00169			1			2.7.13.3-RXN
NDNNOAAD_01220			1			RXN-11109
NDNNOAAD_01265			1			INOPHOSPHOR-RXN;DEOXYINOPHOSPHOR-RXN;RXN0-5199;DEOXYADENPHOSPHOR-RXN;XANTHOSINEPHOSPHORY-RXN;DEOXYGUANPHOSPHOR-RXN;ADENPHOSPHOR-RXN
NDNNOAAD_00304			1			ARGSUCCINSYN-RXN;RXN-10
NDNNOAAD_00759			1			DTDPDEHYDRHAMEPIM-RXN
NDNNOAAD_00057			1			RXN0-5462
NDNNOAAD_00491			1			DAHPSYN-RXN
NDNNOAAD_01491			1			RXN0-5223
NDNNOAAD_01411			1			3-DEHYDROQUINATE-SYNTHASE-RXN
NDNNOAAD_00760			1			DTDPGLUCDEHYDRAT-RXN
NDNNOAAD_01383			1			6.3.2.7-RXN
NDNNOAAD_00706			1			THREDEHYD-RXN
NDNNOAAD_00997			1			RXN-14475
NDNNOAAD_01098			1			RXN-11574
NDNNOAAD_00669			1			TRE6PHYDRO-RXN
NDNNOAAD_00349			1			RXN-19729;RXN-19727;RXN-19726;RXN-19728;RXN-15041
NDNNOAAD_01238			1			DNA-DIRECTED-DNA-POLYMERASE-RXN;RXN-20927;RXN0-4961
NDNNOAAD_00171			1			RXN-11310;RXN-11295
NDNNOAAD_00550			1			GALACTURIDYLYLTRANS-RXN
NDNNOAAD_00999			1			RXN-15083;TRANS-RXN-157;TRANS-RXN0-540;RXN-15143;TRANS-RXN-153A
NDNNOAAD_00260			1			GLUTAMIDOTRANS-RXN
NDNNOAAD_00414			1			INOPHOSPHOR-RXN;DEOXYINOPHOSPHOR-RXN;RXN0-5199;DEOXYADENPHOSPHOR-RXN;XANTHOSINEPHOSPHORY-RXN;DEOXYGUANPHOSPHOR-RXN;ADENPHOSPHOR-RXN
NDNNOAAD_00825			1			TRIOSEPISOMERIZATION-RXN
NDNNOAAD_01095			1			3.1.22.4-RXN
NDNNOAAD_01694			1			RXN-9590
NDNNOAAD_01112			1			TRIPHOSPHATASE-RXN
NDNNOAAD_01079			1			RXN-11838
NDNNOAAD_01153			1			2.3.1.180-RXN
NDNNOAAD_01376			1			URACIL-PRIBOSYLTRANS-RXN
NDNNOAAD_00984			1			MANNPISOM-RXN
NDNNOAAD_00828			1			ATPSYN-RXN
NDNNOAAD_00015			1			HOMOSERDEHYDROG-RXN
NDNNOAAD_01091			1			NICOTINATEPRIBOSYLTRANS-RXN
NDNNOAAD_00262			1			RXN-8001
NDNNOAAD_00846			1			RXN-12446
NDNNOAAD_00452			1			RXN0-5234;GLYOHMETRANS-RXN
NDNNOAAD_00141			1			RXN0-6994;RXN0-7002;6-PHOSPHO-BETA-GLUCOSIDASE-RXN;RXN0-5295;RXN0-5297
NDNNOAAD_01185			1			DNA-DIRECTED-RNA-POLYMERASE-RXN
NDNNOAAD_00908			1			RXN-11032
NDNNOAAD_01756			1			THIOREDOXIN-REDUCT-NADPH-RXN
NDNNOAAD_00919			1			BETA-GLUCOSIDE-KINASE-RXN
NDNNOAAD_01545			1			PHOSPHOMEVALONATE-KINASE-RXN
NDNNOAAD_00014			1			HOMOSERKIN-RXN
NDNNOAAD_00133			1			TRANS-RXN-477
NDNNOAAD_00119			1			RXN-9384;O-SUCCHOMOSERLYASE-RXN;RXN-18602;CYSPH-RXN
NDNNOAAD_00070			1			RXN-1824;RXN-12302
NDNNOAAD_01146			1			RXN-10656;RXN-16631;3-HYDROXYDECANOYL-ACP-DEHYDR-RXN;RXN-16619;RXN-9655;RXN-16623;RXN-10660;RXN-16627;RXN-9533;RXN0-2144
NDNNOAAD_01261			1			RXN-1824;RXN-12302
NDNNOAAD_01257			1			1.18.1.2-RXN
NDNNOAAD_01573			1			TRANS-RXN-477
NDNNOAAD_00789			1			GLUTRACE-RXN
NDNNOAAD_00062			1			RXN-10662;ACYL-COA-HYDROLASE-RXN;RXN-10708;THIOESTER-RXN;RXN-18840
NDNNOAAD_00261			1			IMIDPHOSDEHYD-RXN
NDNNOAAD_00236			1			2.4.1.54-RXN
NDNNOAAD_01155			1			RXN1G-30;5.3.3.14-RXN;RXN-16614;RXN1G-53;RXN1G-674
NDNNOAAD_00725			1			DNA-DIRECTED-RNA-POLYMERASE-RXN
NDNNOAAD_01481			1			DNA-DIRECTED-DNA-POLYMERASE-RXN;RXN-20927
NDNNOAAD_00246			1			5-NUCLEOTID-RXN;RXN-14025;RXN-14227;RXN-7607;RXN-5841;XMPXAN-RXN;RXN-14026;RXN-7609;AMP-DEPHOSPHORYLATION-RXN
NDNNOAAD_00952			1			3.4.21.89-RXN
NDNNOAAD_01150			1			RXN-20498;MALONYL-COA-ACP-TRANSACYL-RXN;RXN-20490;RXN-20481;RXN185E-16;RXN-20482
NDNNOAAD_00132			1			ABC-42-RXN
NDNNOAAD_01688			1			GART-RXN
NDNNOAAD_00945			1			RXN-11109
NDNNOAAD_01567			1			TDCEACT-RXN
NDNNOAAD_01613			1			1.8.4.14-RXN
NDNNOAAD_01208			1			RXN0-1081;RXN-13997
NDNNOAAD_00154			1			HYDROXYMETHYLGLUTARYL-COA-SYNTHASE-RXN
NDNNOAAD_00112			1			2.7.13.3-RXN
NDNNOAAD_00694			1			GLCNACPTRANS-RXN
NDNNOAAD_00486			1			RXN-22587;RXN-9985;3.2.1.48-RXN;3.2.1.26-RXN
NDNNOAAD_00256			1			HISTPRATPHYD-RXN
NDNNOAAD_01483			1			RXN-14192;RXN-14117;RXN-14207;PEPDEPHOS-RXN
NDNNOAAD_00121			1			3.1.21.3-RXN
NDNNOAAD_00962			1			AMYLOMALT-RXN;RXN-1828;RXN-12193;RXN-19947;RXN-14261;RXN-9023;RXN-12391;RXN-14354;RXN-14260
NDNNOAAD_00882			1			UDPNACETYLMURAMATEDEHYDROG-RXN
NDNNOAAD_00990			1			PROLINE--TRNA-LIGASE-RXN
NDNNOAAD_00494			1			MANNPISOM-RXN
NDNNOAAD_01456			1			RXN-14270;ADENPRIBOSYLTRAN-RXN
NDNNOAAD_00354			1			RIBULP3EPIM-RXN;RXN-22715
NDNNOAAD_00696			1			UNDECAPRENYL-DIPHOSPHATASE-RXN
NDNNOAAD_01158			1			ASNSYNA-RXN
NDNNOAAD_01142			1			RIBOSYLHOMOCYSTEINASE-RXN
NDNNOAAD_01474			1			RXN-15513
NDNNOAAD_00564			1			NICONUCADENYLYLTRAN-RXN
NDNNOAAD_00679			1			RIBOPHOSPHAT-RXN
NDNNOAAD_00336			1			PROTOHEMEFERROCHELAT-RXN
NDNNOAAD_01610			1			BIOTINLIG-RXN
NDNNOAAD_01584			1			RXN-8976;RXN-11346;NACGLCTRANS-RXN;RXN-11029;RXN-22611;RXN-22615
NDNNOAAD_01314			1			SERINE-O-ACETTRAN-RXN
NDNNOAAD_01459			1			4.2.99.18-RXN
NDNNOAAD_00953			1			3.1.26.4-RXN
NDNNOAAD_00385			1			2.7.13.3-RXN
NDNNOAAD_00125			1			ASPARAGINE--TRNA-LIGASE-RXN
NDNNOAAD_00489			1			RXN-15889;ENTDB-RXN;HOLO-ACP-SYNTH-RXN;RXN-19477;RXN-16759;RXN-19493;RXN-10674;RXN-10994
NDNNOAAD_00086			1			RXN0-1281
NDNNOAAD_01380			1			RXN-9384;O-SUCCHOMOSERLYASE-RXN;CYSPH-RXN;ACETYLHOMOSER-CYS-RXN;O-ACETYLHOMOSERINE-THIOL-LYASE-RXN;RXN-18602
NDNNOAAD_00638			1			DNA-DIRECTED-DNA-POLYMERASE-RXN;RXN-20927
NDNNOAAD_01382			1			TRANS-RXN0-286
NDNNOAAD_01546			1			RXN-11834;RXN-11836;RXN-11837;RXN-11842;RXN-11835;RXN-11838
NDNNOAAD_00229			1			2.7.13.3-RXN
NDNNOAAD_01173			1			1.17.4.2-RXN;RXN-21262;RIBONUCLEOSIDE-TRIP-REDUCT-RXN;RXN0-746;RXN-21265;RXN0-723;RXN0-724;RXN-21263;RXN-21264;RXN0-745
NDNNOAAD_01122			1			SUPEROX-DISMUT-RXN
NDNNOAAD_01431			1			DEPHOSPHOCOAKIN-RXN
NDNNOAAD_00668			1			TRE6PHYDRO-RXN
NDNNOAAD_00221			1			TRNA-GUANINE-N7--METHYLTRANSFERASE-RXN
NDNNOAAD_01637			1			ADENYLOSUCCINATE-SYNTHASE-RXN
NDNNOAAD_00139			1			RXN0-6994;RXN0-7002;6-PHOSPHO-BETA-GLUCOSIDASE-RXN;RXN0-5295;RXN0-5297
NDNNOAAD_00980			1			RXN-11219;RXN-13704;CATECHOL-23-DIOXYGENASE-RXN;CATECHOL-2-3-DIOXYGENASE-RXN
NDNNOAAD_00430			1			GLUTAMIN-RXN;ASPARAGHYD-RXN
NDNNOAAD_00102			1			HOMOCYSMET-RXN;RXN-12730
NDNNOAAD_00634			1			RXN-11592
NDNNOAAD_01072			1			ABC-7-RXN;ABC-70-RXN
NDNNOAAD_01419			1			GLY3KIN-RXN;GKI-RXN
NDNNOAAD_01114			1			RXN-21560;RXN-14385;RXN-22700;RXN-15881;RXN-9787;RXN-20037;RXN-22698;RXN-12588;RXN-21566
NDNNOAAD_00607			1			RXN0-4261;RXN-11135
NDNNOAAD_00156			1			RXN-18357;DIHYDROFOLATEREDUCT-RXN;RXN-22709;RXN-19329
NDNNOAAD_00873			1			BETA-GLUCOSIDE-KINASE-RXN
NDNNOAAD_01475			1			2-ISOPROPYLMALATESYN-RXN
NDNNOAAD_00135			1			RXN-9990
NDNNOAAD_00488			1			ALARACECAT-RXN
NDNNOAAD_01686			1			1.11.1.15-RXN
NDNNOAAD_01451			1			RXN0-5462
NDNNOAAD_01417			1			2PGADEHYDRAT-RXN
NDNNOAAD_00546			1			RXN-12398;RXN-19765;RXN-12399;3.2.1.23-RXN;RXN-12400
NDNNOAAD_01094			1			RXN-21220;3.4.22.40-RXN;RXN-21219
NDNNOAAD_00282			1			3.4.21.89-RXN
NDNNOAAD_00213			1			3.5.2.12-RXN
NDNNOAAD_00969			1			THREDEHYD-RXN;4.3.1.17-RXN
NDNNOAAD_01010			1			IGPSYN-RXN
NDNNOAAD_00812			1			UREASE-RXN
NDNNOAAD_00520			1			GLUTDEHYD-RXN
NDNNOAAD_00355			1			THIAMIN-PYROPHOSPHOKINASE-RXN
NDNNOAAD_00557			1			6.3.5.6-RXN;6.3.5.7-RXN
NDNNOAAD_00399			1			DTDPDEHYRHAMREDUCT-RXN
NDNNOAAD_00254			1			RXN0-4261
NDNNOAAD_00181			1			DISULFOXRED-RXN
NDNNOAAD_01216			1			RXN-11586
NDNNOAAD_01126			1			3.2.2.21-RXN;RXN0-5189
NDNNOAAD_01230			1			GLUTKIN-RXN
NDNNOAAD_01042			1			BRANCHED-CHAINAMINOTRANSFERLEU-RXN;BRANCHED-CHAINAMINOTRANSFERILEU-RXN;BRANCHED-CHAINAMINOTRANSFERVAL-RXN
NDNNOAAD_00206			1			ACETYLORNDEACET-RXN;RXN-7933
NDNNOAAD_01689			1			AIRS-RXN
NDNNOAAD_00146			1			THREONINE--TRNA-LIGASE-RXN
NDNNOAAD_00374			1			RXN-14188;RXN0-6957;RXN0-7291;DCTP-PYROPHOSPHATASE-RXN
NDNNOAAD_00960			1			RXN-9025;GLYCOPHOSPHORYL-RXN
NDNNOAAD_00454			1			RXN-14992
NDNNOAAD_01365			1			RXN-12726;ACSERLY-RXN
NDNNOAAD_01722			1			DTDPDEHYRHAMREDUCT-RXN
NDNNOAAD_01462			1			3.1.11.6-RXN
NDNNOAAD_00615			1			RXN-22613;RXN-14267;RXN-16938;3.4.24.32-RXN;RXN0-5225
NDNNOAAD_00584			1			ALANINE--TRNA-LIGASE-RXN
NDNNOAAD_01580			1			HEXOKINASE-RXN;GLUCOKIN-RXN
NDNNOAAD_00457			1			ADENODEAMIN-RXN;ADDALT-RXN
NDNNOAAD_01171			1			PHENYLALANINE--TRNA-LIGASE-RXN
NDNNOAAD_00536			1			TAGAKIN-RXN
NDNNOAAD_00460			1			RXN-14461
NDNNOAAD_01464			1			GPPSYN-RXN;FPPSYN-RXN
NDNNOAAD_00438			1			RXN0-7388
NDNNOAAD_00585			1			PEPTIDYLPROLYL-ISOMERASE-RXN
NDNNOAAD_00740			1			2.7.3.9-RXN
NDNNOAAD_00766			1			SUGAR-PHOSPHATASE-RXN
NDNNOAAD_01053			1			GLYCDEH-RXN
NDNNOAAD_00548			1			5.1.3.21-RXN
NDNNOAAD_01718			1			DNA-DIRECTED-DNA-POLYMERASE-RXN;RXN-20927;RXN0-4961
NDNNOAAD_00648			1			HYPOXANPRIBOSYLTRAN-RXN;GUANPRIBOSYLTRAN-RXN
NDNNOAAD_01433			1			RXN0-5462
NDNNOAAD_00153			1			HYDROXYMETHYLGLUTARYL-COA-REDUCTASE-RXN
NDNNOAAD_00103			1			1.5.1.20-RXN
NDNNOAAD_00609			1			RXN-19814
NDNNOAAD_00856			1			2.3.1.89-RXN
NDNNOAAD_00881			1			3.6.3.31-RXN;ABC-24-RXN;ABC-25-RXN
NDNNOAAD_00268			1			OROTATE-REDUCTASE-NADH-RXN
NDNNOAAD_00175			1			RXN0-5114;PSERPHOSPHA-RXN
NDNNOAAD_01145			1			BIOTIN-CARBOXYL-RXN;RXN0-5055
NDNNOAAD_01363			1			RXN0-4261;RXN-11135
NDNNOAAD_01204			1			PHENYLALANINE--TRNA-LIGASE-RXN
NDNNOAAD_00827			1			RXN-16650
NDNNOAAD_00844			1			RXN-12446
NDNNOAAD_01083			1			UNDECAPRENYL-DIPHOSPHATASE-RXN
NDNNOAAD_00501			1			RXN1G-4
NDNNOAAD_01673			1			ABC-27-RXN;RXN-22326
NDNNOAAD_01434			1			UNDECAPRENOL-KINASE-RXN
NDNNOAAD_01113			1			PRPPSYN-RXN
NDNNOAAD_00024			1			RXN-14570
NDNNOAAD_00832			1			ATPSYN-RXN
NDNNOAAD_00513			1			RXN-12002
NDNNOAAD_00653			1			ACETOOHBUTSYN-RXN;ACETOLACTSYN-RXN
NDNNOAAD_00914			1			2.7.13.3-RXN
NDNNOAAD_01442			1			PPENTOMUT-RXN;D-PPENTOMUT-RXN
NDNNOAAD_01028			1			RXN0-5510
NDNNOAAD_01157			1			ASPARTATEKIN-RXN
NDNNOAAD_01446			1			UDP-NACMUR-ALA-LIG-RXN
NDNNOAAD_00886			1			H2PTEROATESYNTH-RXN
NDNNOAAD_01224			1			RXN-11638
NDNNOAAD_00985			1			MANNPISOM-RXN
NDNNOAAD_00120			1			RXN-12726;ACSERLY-RXN
NDNNOAAD_01151			1			RXN-16322;2-NITROPROPANE-DIOXYGENASE-RXN
NDNNOAAD_00872			1			PSERTRANSAM-RXN;PSERTRANSAMPYR-RXN
NDNNOAAD_00186			1			RXN-16649;RXN-16659
NDNNOAAD_01256			1			RXN-12458;RXN-14517
NDNNOAAD_00020			1			N-ACETYLGLUTPREDUCT-RXN
NDNNOAAD_01730			1			3.6.3.40-RXN;TRANS-RXN-314;TRANS-RXN-321;RXN-18029;RXN-18028
NDNNOAAD_00182			1			RXN0-1061
NDNNOAAD_00616			1			RXN-21036
NDNNOAAD_00993			1			RXN-8999
NDNNOAAD_01108			1			PHOSACETYLTRANS-RXN
NDNNOAAD_00318			1			2.7.10.1-RXN
NDNNOAAD_01260			1			RXN-1824;RXN-12302
NDNNOAAD_01043			1			5.99.1.3-RXN;5.99.1.2-RXN
NDNNOAAD_00522			1			2.7.7.1-RXN
NDNNOAAD_01536			1			GLUCOSAMINE-6-P-DEAMIN-RXN
NDNNOAAD_00768			1			HISTIDPHOS-RXN
NDNNOAAD_00750			1			RXN-14338
NDNNOAAD_01178			1			PYRAMKIN-RXN;PNKIN-RXN;PYRIDOXKIN-RXN
NDNNOAAD_01092			1			NAD-SYNTH-NH3-RXN;NAD-SYNTH-GLN-RXN
NDNNOAAD_00578			1			ALCOHOL-DEHYDROG-RXN
NDNNOAAD_01044			1			5.99.1.3-RXN;5.99.1.2-RXN
NDNNOAAD_01167			1			3.1.26.3-RXN
NDNNOAAD_00264			1			ATPPHOSPHORIBOSYLTRANS-RXN
NDNNOAAD_01009			1			PRAISOM-RXN
NDNNOAAD_01375			1			3.4.21.92-RXN
NDNNOAAD_00683			1			DNA-DIRECTED-RNA-POLYMERASE-RXN
NDNNOAAD_00686			1			RXN-11591
NDNNOAAD_01612			1			DNA-DIRECTED-DNA-POLYMERASE-RXN;RXN-20927;RXN0-4961
NDNNOAAD_00861			1			RXN0-5114;PSERPHOSPHA-RXN
NDNNOAAD_01012			1			PABASYN-RXN
NDNNOAAD_00259			1			PRIBFAICARPISOM-RXN
NDNNOAAD_01165			1			ASPARTATE-SEMIALDEHYDE-DEHYDROGENASE-RXN
NDNNOAAD_01229			1			GLUTSEMIALDEHYDROG-RXN
NDNNOAAD_01476			1			RXNQT-4165;RXNQT-4171;RXNQT-4178;RXN-14986;RXN-13158;RXNQT-4174;RXNQT-4168
NDNNOAAD_01679			1			F16BDEPHOS-RXN;MYO-INOSITOL-1OR-4-MONOPHOSPHATASE-RXN
NDNNOAAD_00889			1			RXN-6341;FORMYLTHFGLUSYNTH-RXN;RXN0-2921;FOLYLPOLYGLUTAMATESYNTH-RXN;DIHYDROFOLATESYNTH-RXN
NDNNOAAD_00619			1			PHOSPHAGLYPSYN-RXN
NDNNOAAD_01066			1			2.7.13.3-RXN
NDNNOAAD_00930			1			RXN-21239;RXN-21241
NDNNOAAD_01311			1			RXN-16649;RXN-16659
NDNNOAAD_00263			1			ATPPHOSPHORIBOSYLTRANS-RXN
NDNNOAAD_00824			1			DTMPKI-RXN
NDNNOAAD_01537			1			RXN0-1342
NDNNOAAD_01674			1			ABC-27-RXN;RXN-22326
NDNNOAAD_00640			1			ATPASE-RXN
NDNNOAAD_00887			1			GTP-CYCLOHYDRO-I-RXN
NDNNOAAD_01620			1			GCVT-RXN
NDNNOAAD_01398			1			RXN-17150;ARYLFORMAMIDASE-RXN
NDNNOAAD_00567			1			RXN-13404
NDNNOAAD_01139			1			RXN0-742
NDNNOAAD_01432			1			3.2.2.23-RXN;RXN-18435;RXN-21266
NDNNOAAD_00894			1			3.1.11.2-RXN
NDNNOAAD_00021			1			RXN-7737
NDNNOAAD_01478			1			RXN-13163
NDNNOAAD_00140			1			RXN0-6994;RXN0-7002;6-PHOSPHO-BETA-GLUCOSIDASE-RXN;RXN0-5295;RXN0-5297
NDNNOAAD_00265			1			HISTAMINOTRANS-RXN
NDNNOAAD_01413			1			3-DEHYDROQUINATE-DEHYDRATASE-RXN
NDNNOAAD_01424			1			3.4.13.9-RXN
NDNNOAAD_01007			1			TRYPSYN-RXN
NDNNOAAD_00853			1			3.4.21.105-RXN
NDNNOAAD_01412			1			SHIKIMATE-5-DEHYDROGENASE-RXN
NDNNOAAD_00080			1			OLEATE-HYDRATASE-RXN
NDNNOAAD_01404			1			PREPHENATEDEHYDRAT-RXN
NDNNOAAD_00456			1			THYKI-RXN;DURIDKI-RXN
NDNNOAAD_00195			1			RXN-21036
NDNNOAAD_00525			1			TRNA-CYTIDYLYLTRANSFERASE-RXN
NDNNOAAD_00575			1			DNA-DIRECTED-DNA-POLYMERASE-RXN;RXN-20927;RXN0-4961
NDNNOAAD_01426			1			PEPTIDYLPROLYL-ISOMERASE-RXN
NDNNOAAD_00073			1			RXN-8629;RXN-7716;RXN-7719;1.8.1.4-RXN;RXN0-1132
NDNNOAAD_01182			1			RXN-7572;L-LACTATE-DEHYDROGENASE-RXN
NDNNOAAD_01553			1			PEPTIDYLPROLYL-ISOMERASE-RXN
NDNNOAAD_00320			1			PROTEIN-TYROSINE-PHOSPHATASE-RXN
NDNNOAAD_00372			1			RXN0-2584
NDNNOAAD_01482			1			6PFRUCTPHOS-RXN
NDNNOAAD_00720			1			RXN0-5419
NDNNOAAD_01497			1			RXN-8805;4.2.99.19-RXN;RXN-17583;RXN-17584;RXN-17582
NDNNOAAD_01143			1			RXN0-5055;ACETYL-COA-CARBOXYLTRANSFER-RXN
NDNNOAAD_01358			1			ASPCARBTRANS-RXN
NDNNOAAD_00193			1			RXN0-5214
NDNNOAAD_00802			1			UNDECAPRENYL-DIPHOSPHATASE-RXN
NDNNOAAD_00069			1			RXN-1824;RXN-12302
NDNNOAAD_01498			1			HISTIDINE--TRNA-LIGASE-RXN
NDNNOAAD_01561			1			GLYCINE--TRNA-LIGASE-RXN
NDNNOAAD_01159			1			RXN-11600
NDNNOAAD_00901			1			INORGPYROPHOSPHAT-RXN
NDNNOAAD_01403			1			RXN0-2161;SERINE--TRNA-LIGASE-RXN
NDNNOAAD_00067			1			RXN-1824;RXN-12302
NDNNOAAD_01356			1			CARBPSYN-RXN
NDNNOAAD_00018			1			ACETYLGLUTKIN-RXN
NDNNOAAD_00736			1			RXN-14047
NDNNOAAD_01262			1			RXN-1824;RXN-12302
NDNNOAAD_00685			1			METHIONYL-TRNA-FORMYLTRANSFERASE-RXN
NDNNOAAD_01328			1			ADENOSYLHOMOCYSTEINASE-RXN
NDNNOAAD_00126			1			RXN-13697;RXN-11737;ASPAMINOTRANS-RXN;RXN-10814;TRYPTOPHAN-AMINOTRANSFERASE-RXN;TYROSINE-AMINOTRANSFERASE-RXN
NDNNOAAD_00016			1			RXN0-5414
NDNNOAAD_00059			1			RXN-11836
NDNNOAAD_00581			1			2.1.1.72-RXN
NDNNOAAD_01570			1			ALANINE-AMINOTRANSFERASE-RXN;RXN-13698
NDNNOAAD_01319			1			RXN-10814
NDNNOAAD_00281			1			3.4.21.107-RXN
NDNNOAAD_01163			1			INORGPYROPHOSPHAT-RXN
NDNNOAAD_01410			1			CHORISMATE-SYNTHASE-RXN
NDNNOAAD_01026			1			ORNCARBAMTRANSFER-RXN
NDNNOAAD_01463			1			3.1.11.6-RXN
NDNNOAAD_00118			1			SERINE-O-ACETTRAN-RXN
NDNNOAAD_01664			1			ADENYL-KIN-RXN
NDNNOAAD_01473			1			RXN-9929
NDNNOAAD_00845			1			RXN-12446
NDNNOAAD_00068			1			RXN-1824;RXN-12302
NDNNOAAD_00705			1			3.5.1.88-RXN;3.5.1.27-RXN
NDNNOAAD_01011			1			PRTRANS-RXN
NDNNOAAD_01251			1			2.7.13.3-RXN
NDNNOAAD_00078			1			RXN-1824;RXN-12302
NDNNOAAD_01528			1			RXN-15127;RXN-15123
NDNNOAAD_01087			1			LEUCINE--TRNA-LIGASE-RXN
NDNNOAAD_00558			1			6.3.5.6-RXN;6.3.5.7-RXN
NDNNOAAD_01757			1			RXN0-6515
NDNNOAAD_01054			1			RXN-14685
NDNNOAAD_00279			1			RXN-11396
NDNNOAAD_01277			1			2.1.1.72-RXN
NDNNOAAD_00831			1			ATPSYN-RXN
NDNNOAAD_01014			1			GCVT-RXN
NDNNOAAD_00368			1			RXN0-5210
NDNNOAAD_00660			1			THRESYN-RXN
NDNNOAAD_00286			1			RXN-11832;RXN-7913
NDNNOAAD_00687			1			3.1.3.16-RXN
NDNNOAAD_01310			1			RXN-16649;RXN-16659
NDNNOAAD_01603			1			PROTOHEMEFERROCHELAT-RXN
NDNNOAAD_00577			1			ALCOHOL-DEHYDROG-RXN
NDNNOAAD_00741			1			1.2.1.9-RXN
NDNNOAAD_00780			1			ACYLPHOSPHATASE-RXN
NDNNOAAD_00885			1			3.2.1.98-RXN
NDNNOAAD_01021			1			TRANS-RXN-424
NDNNOAAD_00423			1			METHYLTHIOADENOSINE-NUCLEOSIDASE-RXN;RXN0-6550;ADENOSYLHOMOCYSTEINE-NUCLEOSIDASE-RXN
NDNNOAAD_01748			1			RXN0-5224
NDNNOAAD_00855			1			N-ACETYLDIAMINOPIMELATE-DEACETYLASE-RXN
NDNNOAAD_00043			1			2.7.10.1-RXN
NDNNOAAD_01315			1			CYSTEINE--TRNA-LIGASE-RXN
NDNNOAAD_00549			1			UDPGLUCEPIM-RXN
NDNNOAAD_00283			1			3.4.11.4-RXN
NDNNOAAD_01453			1			3.1.26.11-RXN
NDNNOAAD_00174			1			5-NUCLEOTID-RXN;RXN-14025;RXN-14227;RXN-7607;RXN-5841;XMPXAN-RXN;RXN-14026;RXN-7609;AMP-DEPHOSPHORYLATION-RXN
NDNNOAAD_01341			1			DNA-CYTOSINE-5--METHYLTRANSFERASE-RXN
NDNNOAAD_00405			1			HISTIDINE-AMMONIA-LYASE-RXN
NDNNOAAD_00748			1			R345-RXN
NDNNOAAD_00834			1			ATPSYN-RXN
NDNNOAAD_00897			1			DNA-LIGASE-NAD+-RXN
NDNNOAAD_01312			1			2.7.7.8-RXN
NDNNOAAD_01107			1			GMP-SYN-GLUT-RXN
NDNNOAAD_00459			1			3.1.13.3-RXN
NDNNOAAD_00813			1			UREASE-RXN
NDNNOAAD_00045			1			PROTEIN-TYROSINE-PHOSPHATASE-RXN
NDNNOAAD_01322			1			2-DEHYDROPANTOATE-REDUCT-RXN;RXN-22913
NDNNOAAD_01608			1			GALPMUT-RXN
NDNNOAAD_00187			1			2.7.13.3-RXN
NDNNOAAD_01479			1			RXN-13163
NDNNOAAD_01144			1			RXN0-5055;ACETYL-COA-CARBOXYLTRANSFER-RXN
NDNNOAAD_01544			1			2.7.1.148-RXN
NDNNOAAD_00104			1			PHOSPHOGLUCMUT-RXN
NDNNOAAD_00072			1			RXN0-1133;DIHYDLIPACETRANS-RXN
NDNNOAAD_00495			1			FRUCTOKINASE-RXN;RXN-19915
NDNNOAAD_01671			1			3.4.11.2-RXN
NDNNOAAD_01316			1			3.1.26.3-RXN
NDNNOAAD_00446			1			RXN-18014;6.1.1.13-RXN
NDNNOAAD_01239			1			PRPPSYN-RXN
NDNNOAAD_00909			1			RXN0-6359;RXN-19040;THIOSULFATE-SULFURTRANSFERASE-RXN
NDNNOAAD_00108			1			FORMATETHFLIG-RXN
NDNNOAAD_01384			1			RXN-11297
NDNNOAAD_00830			1			ATPSYN-RXN
NDNNOAAD_00641			1			RXN-12460;AMINOCYL-TRNA-HYDROLASE-RXN;RXN-16637
NDNNOAAD_00570			1			L-GLN-FRUCT-6-P-AMINOTRANS-RXN
NDNNOAAD_00128			1			RXN0-7388;RXN0-4261;RXN-11135
NDNNOAAD_00738			1			ISOCITDEH-RXN
NDNNOAAD_00324			1			3.6.3.40-RXN;TRANS-RXN-314;TRANS-RXN-321;RXN-18029;RXN-18028
NDNNOAAD_00691			1			RXN-21560;RXN-14385;RXN-22700;RXN-15881;RXN-9787;RXN-20037;RXN-22698;RXN-12588;RXN-21566
NDNNOAAD_00864			1			GPH-RXN
NDNNOAAD_01184			1			DNA-DIRECTED-RNA-POLYMERASE-RXN
NDNNOAAD_00530			1			SPERMACTRAN-RXN;RXN-19536;RXN0-7165;RXN-9939;DIAMACTRANS-RXN;RXN-0
NDNNOAAD_00724			1			CTPSYN-RXN
NDNNOAAD_00029			1			PABASYN-RXN
NDNNOAAD_01749			1			PYRUVFORMLY-RXN
NDNNOAAD_00747			1			LYSYLTRANSFERASE-RXN
NDNNOAAD_00874			1			GLYOXI-RXN
NDNNOAAD_01290			1			PROTEIN-KINASE-RXN
NDNNOAAD_01761			1			RXN-11638
NDNNOAAD_00746			1			3.4.11.5-RXN
NDNNOAAD_00957			1			DNA-DIRECTED-DNA-POLYMERASE-RXN;RXN-20927
NDNNOAAD_00326			1			RXN-14559
NDNNOAAD_00796			1			RXN-11836
NDNNOAAD_00480			1			RXN0-5052
NDNNOAAD_00717			1			RXN-14090;CYCPHOSDIESTER-RXN;RXN-14113;RXN-14126;RXN-14064;3-NUCLEOTID-RXN;RXN-14115;RXN-14112;RXN-14124;RXN-14091
NDNNOAAD_01500			1			ASPARTATE--TRNA-LIGASE-RXN
NDNNOAAD_00710			1			3.2.1.11-RXN
NDNNOAAD_00490			1			DAHPSYN-RXN
NDNNOAAD_00466			1			RXN0-2661
NDNNOAAD_00884			1			H2NEOPTERINALDOL-RXN;RXN-10857
